instance_id,repo,language_group,route,arm,candidate_count,candidate_span_coverage,span_recall@1,file_recall@5,span_recall@5,span_all@5,span_recall@10,span_mrr,retrieval_ms,rerank_ms,stage_sum_ms,rerank_recorded_cost_usd,failed_calls
astral-sh__ruff-15309,astral-sh/ruff,Rust,bm25,unreranked,100,1.0,0.0,0.0,0.0,0.0,0.0,0.013513513513513514,97.05169778317213,0.0,97.05169778317213,0.0,0
astral-sh__ruff-15330,astral-sh/ruff,Rust,bm25,unreranked,100,1.0,0.0,1.0,0.5,0.0,1.0,0.5,376.1220248416066,0.0,376.1220248416066,0.0,0
astral-sh__ruff-15356,astral-sh/ruff,Rust,bm25,unreranked,100,0.0,0.0,0.0,0.0,0.0,0.0,0.0,669.1860174760222,0.0,669.1860174760222,0.0,0
astral-sh__ruff-15443,astral-sh/ruff,Rust,bm25,unreranked,100,1.0,0.0,0.5,0.5,0.0,0.5,0.5,248.33653774112463,0.0,248.33653774112463,0.0,0
astropy__astropy-12907,astropy/astropy,Python,bm25,unreranked,100,0.0,0.0,1.0,0.0,0.0,0.0,0.0,267.5481652840972,0.0,267.5481652840972,0.0,0
astropy__astropy-13033,astropy/astropy,Python,bm25,unreranked,100,1.0,0.0,0.0,0.0,0.0,0.0,0.058823529411764705,646.2220912799239,0.0,646.2220912799239,0.0,0
astropy__astropy-13236,astropy/astropy,Python,bm25,unreranked,100,1.0,1.0,1.0,1.0,1.0,1.0,1.0,556.6371669992805,0.0,556.6371669992805,0.0,0
astropy__astropy-13579,astropy/astropy,Python,bm25,unreranked,100,1.0,0.0,1.0,0.0,0.0,1.0,0.14285714285714285,1846.2864281609654,0.0,1846.2864281609654,0.0,0
axios__axios-4731,axios/axios,TypeScript/JavaScript,bm25,unreranked,100,1.0,1.0,1.0,1.0,1.0,1.0,1.0,11.67560275644064,0.0,11.67560275644064,0.0,0
axios__axios-4738,axios/axios,TypeScript/JavaScript,bm25,unreranked,100,1.0,0.0,1.0,1.0,1.0,1.0,0.5,15.89482743293047,0.0,15.89482743293047,0.0,0
axios__axios-5085,axios/axios,TypeScript/JavaScript,bm25,unreranked,100,1.0,0.0,0.5,0.0,0.0,0.0,0.023809523809523808,8.085216395556927,0.0,8.085216395556927,0.0,0
axios__axios-6539,axios/axios,TypeScript/JavaScript,bm25,unreranked,100,1.0,0.0,1.0,1.0,1.0,1.0,0.5,15.311221592128277,0.0,15.311221592128277,0.0,0
babel__babel-13928,babel/babel,TypeScript/JavaScript,bm25,unreranked,100,1.0,0.0,0.0,0.0,0.0,0.0,0.03333333333333333,92.4942847341299,0.0,92.4942847341299,0.0,0
babel__babel-14532,babel/babel,TypeScript/JavaScript,bm25,unreranked,100,0.0,0.0,1.0,0.0,0.0,0.0,0.0,180.01391924917698,0.0,180.01391924917698,0.0,0
babel__babel-15445,babel/babel,TypeScript/JavaScript,bm25,unreranked,100,1.0,0.0,0.0,0.0,0.0,0.0,0.012987012987012988,515.2314240112901,0.0,515.2314240112901,0.0,0
babel__babel-15649,babel/babel,TypeScript/JavaScript,bm25,unreranked,100,0.0,0.0,0.0,0.0,0.0,0.0,0.0,127.90400441735983,0.0,127.90400441735983,0.0,0
caddyserver__caddy-4943,caddyserver/caddy,Go,bm25,unreranked,100,1.0,0.0,0.0,0.0,0.0,0.0,0.011494252873563218,113.51753398776054,0.0,113.51753398776054,0.0,0
caddyserver__caddy-5404,caddyserver/caddy,Go,bm25,unreranked,100,1.0,0.0,1.0,0.0,0.0,0.0,0.05,129.33858763426542,0.0,129.33858763426542,0.0,0
caddyserver__caddy-5761,caddyserver/caddy,Go,bm25,unreranked,100,1.0,0.0,1.0,1.0,1.0,1.0,0.5,13.825741596519947,0.0,13.825741596519947,0.0,0
caddyserver__caddy-5870,caddyserver/caddy,Go,bm25,unreranked,100,1.0,0.0,0.0,0.0,0.0,0.0,0.01639344262295082,80.19120246171951,0.0,80.19120246171951,0.0,0
caddyserver__caddy-6115,caddyserver/caddy,Go,bm25,unreranked,100,1.0,0.0,1.0,1.0,1.0,1.0,0.5,70.63622586429119,0.0,70.63622586429119,0.0,0
facebook__docusaurus-10130,facebook/docusaurus,TypeScript/JavaScript,bm25,unreranked,100,1.0,0.0,1.0,1.0,1.0,1.0,0.2,168.85207686573267,0.0,168.85207686573267,0.0,0
facebook__docusaurus-10309,facebook/docusaurus,TypeScript/JavaScript,bm25,unreranked,100,1.0,0.0,0.0,0.0,0.0,0.0,0.018867924528301886,147.48084265738726,0.0,147.48084265738726,0.0,0
facebook__docusaurus-8927,facebook/docusaurus,TypeScript/JavaScript,bm25,unreranked,100,1.0,0.0,1.0,1.0,1.0,1.0,0.3333333333333333,86.10645774751902,0.0,86.10645774751902,0.0,0
facebook__docusaurus-9897,facebook/docusaurus,TypeScript/JavaScript,bm25,unreranked,100,0.0,0.0,0.0,0.0,0.0,0.0,0.0,81.47623389959335,0.0,81.47623389959335,0.0,0
fmtlib__fmt-2310,fmtlib/fmt,C++/C,bm25,unreranked,100,1.0,0.0,1.0,0.0,0.0,0.0,0.06666666666666667,17.611337825655937,0.0,17.611337825655937,0.0,0
fmtlib__fmt-2317,fmtlib/fmt,C++/C,bm25,unreranked,100,0.0,0.0,1.0,0.0,0.0,0.0,0.0,16.47396944463253,0.0,16.47396944463253,0.0,0
fmtlib__fmt-3248,fmtlib/fmt,C++/C,bm25,unreranked,100,1.0,0.0,0.0,0.0,0.0,0.0,0.012987012987012988,14.42375686019659,0.0,14.42375686019659,0.0,0
gin-gonic__gin-1805,gin-gonic/gin,Go,bm25,unreranked,100,0.0,0.0,0.0,0.0,0.0,0.0,0.0,14.112563803792,0.0,14.112563803792,0.0,0
gin-gonic__gin-2121,gin-gonic/gin,Go,bm25,unreranked,100,1.0,0.0,1.0,1.0,1.0,1.0,0.5,41.450148448348045,0.0,41.450148448348045,0.0,0
gin-gonic__gin-2755,gin-gonic/gin,Go,bm25,unreranked,100,0.0,0.0,0.0,0.0,0.0,0.0,0.0,45.97465693950653,0.0,45.97465693950653,0.0,0
gin-gonic__gin-3741,gin-gonic/gin,Go,bm25,unreranked,100,1.0,0.0,0.0,0.0,0.0,0.0,0.043478260869565216,13.606893830001354,0.0,13.606893830001354,0.0,0
gin-gonic__gin-3820,gin-gonic/gin,Go,bm25,unreranked,100,0.0,0.0,0.0,0.0,0.0,0.0,0.0,58.106365613639355,0.0,58.106365613639355,0.0,0
gohugoio__hugo-12171,gohugoio/hugo,Go,bm25,unreranked,100,0.0,0.0,0.0,0.0,0.0,0.0,0.0,541.1130860447884,0.0,541.1130860447884,0.0,0
gohugoio__hugo-12343,gohugoio/hugo,Go,bm25,unreranked,100,0.0,0.0,0.0,0.0,0.0,0.0,0.0,136.54340151697397,0.0,136.54340151697397,0.0,0
gohugoio__hugo-12448,gohugoio/hugo,Go,bm25,unreranked,100,0.0,0.0,0.0,0.0,0.0,0.0,0.0,346.5906213968992,0.0,346.5906213968992,0.0,0
gohugoio__hugo-12562,gohugoio/hugo,Go,bm25,unreranked,100,0.0,0.0,0.0,0.0,0.0,0.0,0.0,332.39241410046816,0.0,332.39241410046816,0.0,0
gohugoio__hugo-12579,gohugoio/hugo,Go,bm25,unreranked,100,1.0,1.0,1.0,1.0,1.0,1.0,1.0,112.7635333687067,0.0,112.7635333687067,0.0,0
hashicorp__terraform-34814,hashicorp/terraform,Go,bm25,unreranked,100,0.0,0.0,0.0,0.0,0.0,0.0,0.0,506.05540443211794,0.0,506.05540443211794,0.0,0
hashicorp__terraform-35611,hashicorp/terraform,Go,bm25,unreranked,100,0.0,0.0,0.0,0.0,0.0,0.0,0.0,1145.070786587894,0.0,1145.070786587894,0.0,0
jqlang__jq-2235,jqlang/jq,C++/C,bm25,unreranked,100,0.0,0.0,1.0,0.0,0.0,0.0,0.0,18.171549774706364,0.0,18.171549774706364,0.0,0
jqlang__jq-2598,jqlang/jq,C++/C,bm25,unreranked,100,0.25,0.0,0.3333333333333333,0.25,0.0,0.25,0.25,35.875651985406876,0.0,35.875651985406876,0.0,0
jqlang__jq-2658,jqlang/jq,C++/C,bm25,unreranked,100,1.0,0.0,1.0,1.0,1.0,1.0,0.5,21.90421335399151,0.0,21.90421335399151,0.0,0
jqlang__jq-2728,jqlang/jq,C++/C,bm25,unreranked,100,1.0,0.0,1.0,1.0,1.0,1.0,0.5,24.53212719410658,0.0,24.53212719410658,0.0,0
jqlang__jq-2750,jqlang/jq,C++/C,bm25,unreranked,100,1.0,0.0,0.5,0.5,0.0,1.0,0.5,24.897653609514236,0.0,24.897653609514236,0.0,0
matplotlib__matplotlib-13989,matplotlib/matplotlib,Python,bm25,unreranked,100,1.0,1.0,1.0,1.0,1.0,1.0,1.0,338.41904904693365,0.0,338.41904904693365,0.0,0
matplotlib__matplotlib-14623,matplotlib/matplotlib,Python,bm25,unreranked,100,0.16666666666666666,0.0,0.3333333333333333,0.0,0.0,0.0,0.0196078431372549,449.5539730414748,0.0,449.5539730414748,0.0,0
matplotlib__matplotlib-20488,matplotlib/matplotlib,Python,bm25,unreranked,100,1.0,0.0,0.0,0.0,0.0,0.0,0.0625,714.8650418967009,0.0,714.8650418967009,0.0,0
matplotlib__matplotlib-20676,matplotlib/matplotlib,Python,bm25,unreranked,100,0.0,0.0,0.0,0.0,0.0,0.0,0.0,583.2140659913421,0.0,583.2140659913421,0.0,0
micropython__micropython-10095,micropython/micropython,C++/C,bm25,unreranked,100,0.0,0.0,0.0,0.0,0.0,0.0,0.0,320.0126914307475,0.0,320.0126914307475,0.0,0
micropython__micropython-13039,micropython/micropython,C++/C,bm25,unreranked,100,1.0,0.0,1.0,1.0,1.0,1.0,0.25,2052.8754740953445,0.0,2052.8754740953445,0.0,0
micropython__micropython-13569,micropython/micropython,C++/C,bm25,unreranked,100,0.0,0.0,0.0,0.0,0.0,0.0,0.0,617.2977173700929,0.0,617.2977173700929,0.0,0
micropython__micropython-15898,micropython/micropython,C++/C,bm25,unreranked,100,1.0,1.0,1.0,1.0,1.0,1.0,1.0,351.0567992925644,0.0,351.0567992925644,0.0,0
nushell__nushell-12901,nushell/nushell,Rust,bm25,unreranked,100,0.0,0.0,0.0,0.0,0.0,0.0,0.0,576.8097443506122,0.0,576.8097443506122,0.0,0
nushell__nushell-12950,nushell/nushell,Rust,bm25,unreranked,100,0.0,0.0,0.0,0.0,0.0,0.0,0.0,347.9795949533582,0.0,347.9795949533582,0.0,0
nushell__nushell-13605,nushell/nushell,Rust,bm25,unreranked,100,1.0,0.0,1.0,0.0,0.0,0.5,0.125,441.82142429053783,0.0,441.82142429053783,0.0,0
nushell__nushell-13831,nushell/nushell,Rust,bm25,unreranked,100,0.5,0.0,0.0,0.0,0.0,0.0,0.041666666666666664,812.173143029213,0.0,812.173143029213,0.0,0
preactjs__preact-2757,preactjs/preact,TypeScript/JavaScript,bm25,unreranked,100,1.0,0.0,0.0,0.0,0.0,0.0,0.06666666666666667,12.174160219728947,0.0,12.174160219728947,0.0,0
preactjs__preact-2896,preactjs/preact,TypeScript/JavaScript,bm25,unreranked,100,0.0,0.0,1.0,0.0,0.0,0.0,0.0,15.324524603784084,0.0,15.324524603784084,0.0,0
preactjs__preact-2927,preactjs/preact,TypeScript/JavaScript,bm25,unreranked,100,1.0,0.0,0.0,0.0,0.0,0.0,0.06666666666666667,5.577312782406807,0.0,5.577312782406807,0.0,0
preactjs__preact-3567,preactjs/preact,TypeScript/JavaScript,bm25,unreranked,100,0.2,0.0,0.0,0.0,0.0,0.0,0.019230769230769232,15.259060077369213,0.0,15.259060077369213,0.0,0
prometheus__prometheus-10633,prometheus/prometheus,Go,bm25,unreranked,100,1.0,0.0,0.5,0.0,0.0,1.0,0.16666666666666666,178.91772370785475,0.0,178.91772370785475,0.0,0
prometheus__prometheus-11859,prometheus/prometheus,Go,bm25,unreranked,100,1.0,0.0,1.0,1.0,1.0,1.0,0.2,1816.9835060834885,0.0,1816.9835060834885,0.0,0
prometheus__prometheus-14861,prometheus/prometheus,Go,bm25,unreranked,100,0.0,0.0,0.0,0.0,0.0,0.0,0.0,224.8964412137866,0.0,224.8964412137866,0.0,0
prometheus__prometheus-15142,prometheus/prometheus,Go,bm25,unreranked,100,0.0,0.0,0.0,0.0,0.0,0.0,0.0,163.49651291966438,0.0,163.49651291966438,0.0,0
pydata__xarray-2905,pydata/xarray,Python,bm25,unreranked,100,0.0,0.0,0.0,0.0,0.0,0.0,0.0,136.09212636947632,0.0,136.09212636947632,0.0,0
pydata__xarray-3151,pydata/xarray,Python,bm25,unreranked,100,1.0,0.0,1.0,1.0,1.0,1.0,0.3333333333333333,104.54829875379801,0.0,104.54829875379801,0.0,0
pydata__xarray-3305,pydata/xarray,Python,bm25,unreranked,100,1.0,0.0,0.5,0.0,0.0,0.0,0.016666666666666666,78.63814011216164,0.0,78.63814011216164,0.0,0
pydata__xarray-6992,pydata/xarray,Python,bm25,unreranked,100,0.6666666666666666,0.0,0.5,0.0,0.0,0.3333333333333333,0.125,139.49314504861832,0.0,139.49314504861832,0.0,0
redis__redis-10068,redis/redis,C++/C,bm25,unreranked,100,1.0,0.0,1.0,0.0,0.0,0.0,0.047619047619047616,589.6358275786042,0.0,589.6358275786042,0.0,0
redis__redis-10095,redis/redis,C++/C,bm25,unreranked,100,1.0,0.0,1.0,0.0,0.0,0.0,0.025,127.84262374043465,0.0,127.84262374043465,0.0,0
redis__redis-11631,redis/redis,C++/C,bm25,unreranked,100,0.0,0.0,0.0,0.0,0.0,0.0,0.0,790.6233258545399,0.0,790.6233258545399,0.0,0
redis__redis-11734,redis/redis,C++/C,bm25,unreranked,100,1.0,0.5,1.0,0.5,0.0,1.0,1.0,204.1086908429861,0.0,204.1086908429861,0.0,0
redis__redis-13338,redis/redis,C++/C,bm25,unreranked,100,0.6666666666666666,0.0,1.0,0.3333333333333333,0.0,0.3333333333333333,0.3333333333333333,1423.8906782120466,0.0,1423.8906782120466,0.0,0
scikit-learn__scikit-learn-10297,scikit-learn/scikit-learn,Python,bm25,unreranked,100,1.0,0.0,1.0,1.0,1.0,1.0,0.2,223.30125607550144,0.0,223.30125607550144,0.0,0
scikit-learn__scikit-learn-10844,scikit-learn/scikit-learn,Python,bm25,unreranked,100,1.0,0.0,1.0,1.0,1.0,1.0,0.5,289.09533098340034,0.0,289.09533098340034,0.0,0
scikit-learn__scikit-learn-10908,scikit-learn/scikit-learn,Python,bm25,unreranked,100,1.0,0.0,1.0,0.0,0.0,1.0,0.16666666666666666,229.69220858067274,0.0,229.69220858067274,0.0,0
scikit-learn__scikit-learn-13142,scikit-learn/scikit-learn,Python,bm25,unreranked,100,0.0,0.0,0.0,0.0,0.0,0.0,0.0,432.54045210778713,0.0,432.54045210778713,0.0,0
sharkdp__bat-2201,sharkdp/bat,Rust,bm25,unreranked,100,1.0,0.0,0.5,1.0,1.0,1.0,0.5,28.791284188628197,0.0,28.791284188628197,0.0,0
sharkdp__bat-2260,sharkdp/bat,Rust,bm25,unreranked,100,1.0,0.0,0.0,0.0,0.0,0.0,0.014705882352941176,26.518174447119236,0.0,26.518174447119236,0.0,0
sharkdp__bat-2650,sharkdp/bat,Rust,bm25,unreranked,100,0.0,0.0,0.0,0.0,0.0,0.0,0.0,47.27721121162176,0.0,47.27721121162176,0.0,0
sharkdp__bat-3108,sharkdp/bat,Rust,bm25,unreranked,100,1.0,0.5,0.6666666666666666,1.0,1.0,1.0,1.0,14.45488166064024,0.0,14.45488166064024,0.0,0
sympy__sympy-11618,sympy/sympy,Python,bm25,unreranked,100,1.0,1.0,1.0,1.0,1.0,1.0,1.0,72.44113646447659,0.0,72.44113646447659,0.0,0
sympy__sympy-12096,sympy/sympy,Python,bm25,unreranked,100,1.0,0.0,0.0,0.0,0.0,0.0,0.037037037037037035,180.17935659736395,0.0,180.17935659736395,0.0,0
sympy__sympy-12419,sympy/sympy,Python,bm25,unreranked,100,0.0,0.0,0.0,0.0,0.0,0.0,0.0,653.0250618234277,0.0,653.0250618234277,0.0,0
sympy__sympy-13031,sympy/sympy,Python,bm25,unreranked,100,0.0,0.0,0.0,0.0,0.0,0.0,0.0,255.66059444099665,0.0,255.66059444099665,0.0,0
tokio-rs__tokio-4898,tokio-rs/tokio,Rust,bm25,unreranked,100,1.0,1.0,1.0,1.0,1.0,1.0,1.0,132.15082604438066,0.0,132.15082604438066,0.0,0
tokio-rs__tokio-6551,tokio-rs/tokio,Rust,bm25,unreranked,100,1.0,0.0,1.0,1.0,1.0,1.0,0.3333333333333333,121.04773800820112,0.0,121.04773800820112,0.0,0
tokio-rs__tokio-6603,tokio-rs/tokio,Rust,bm25,unreranked,100,0.0,0.0,0.0,0.0,0.0,0.0,0.0,219.88512016832829,0.0,219.88512016832829,0.0,0
tokio-rs__tokio-6752,tokio-rs/tokio,Rust,bm25,unreranked,100,1.0,0.0,1.0,0.0,0.0,1.0,0.125,224.89014361053705,0.0,224.89014361053705,0.0,0
uutils__coreutils-6575,uutils/coreutils,Rust,bm25,unreranked,100,1.0,0.0,1.0,0.2,0.0,0.6,0.3333333333333333,61.52461003512144,0.0,61.52461003512144,0.0,0
uutils__coreutils-6682,uutils/coreutils,Rust,bm25,unreranked,100,1.0,0.5,1.0,1.0,1.0,1.0,1.0,119.26469393074512,0.0,119.26469393074512,0.0,0
uutils__coreutils-6690,uutils/coreutils,Rust,bm25,unreranked,100,1.0,0.0,1.0,0.0,0.0,0.0,0.024390243902439025,50.070472061634064,0.0,50.070472061634064,0.0,0
uutils__coreutils-6731,uutils/coreutils,Rust,bm25,unreranked,100,1.0,1.0,1.0,1.0,1.0,1.0,1.0,61.32891681045294,0.0,61.32891681045294,0.0,0
valkey-io__valkey-1842,valkey-io/valkey,C++/C,bm25,unreranked,100,1.0,0.0,1.0,0.0,0.0,1.0,0.125,166.9632624834776,0.0,166.9632624834776,0.0,0
valkey-io__valkey-790,valkey-io/valkey,C++/C,bm25,unreranked,100,0.0,0.0,0.0,0.0,0.0,0.0,0.0,767.7344903349876,0.0,767.7344903349876,0.0,0
valkey-io__valkey-928,valkey-io/valkey,C++/C,bm25,unreranked,100,1.0,0.0,1.0,0.0,0.0,0.0,0.027777777777777776,637.0415417477489,0.0,637.0415417477489,0.0,0
vuejs__core-11589,vuejs/core,TypeScript/JavaScript,bm25,unreranked,100,0.3333333333333333,0.0,0.0,0.0,0.0,0.0,0.034482758620689655,111.951126717031,0.0,111.951126717031,0.0,0
vuejs__core-11870,vuejs/core,TypeScript/JavaScript,bm25,unreranked,100,1.0,0.0,0.0,0.0,0.0,0.0,0.05,69.0459767356515,0.0,69.0459767356515,0.0,0
vuejs__core-11915,vuejs/core,TypeScript/JavaScript,bm25,unreranked,100,1.0,0.0,0.0,0.0,0.0,0.0,0.03571428571428571,39.00813963264227,0.0,39.00813963264227,0.0,0
astral-sh__ruff-15309,astral-sh/ruff,Rust,grep,unreranked,22,1.0,0.0,1.0,1.0,1.0,1.0,0.3333333333333333,3646.467909216881,0.0,3646.467909216881,0.0,0
astral-sh__ruff-15330,astral-sh/ruff,Rust,grep,unreranked,4,0.0,0.0,1.0,0.0,0.0,0.0,0.0,4443.399637006223,0.0,4443.399637006223,0.0,0
astral-sh__ruff-15356,astral-sh/ruff,Rust,grep,unreranked,3,1.0,0.0,1.0,1.0,1.0,1.0,0.3333333333333333,4414.02102727443,0.0,4414.02102727443,0.0,0
astral-sh__ruff-15443,astral-sh/ruff,Rust,grep,unreranked,2,1.0,0.5,1.0,1.0,1.0,1.0,1.0,5319.161555729806,0.0,5319.161555729806,0.0,0
astropy__astropy-12907,astropy/astropy,Python,grep,unreranked,5,1.0,0.0,1.0,1.0,1.0,1.0,0.3333333333333333,3330.000746063888,0.0,3330.000746063888,0.0,0
astropy__astropy-13033,astropy/astropy,Python,grep,unreranked,9,1.0,0.0,1.0,1.0,1.0,1.0,0.25,3873.5237112268806,0.0,3873.5237112268806,0.0,0
astropy__astropy-13236,astropy/astropy,Python,grep,unreranked,3,1.0,1.0,1.0,1.0,1.0,1.0,1.0,3917.9469626396894,0.0,3917.9469626396894,0.0,0
astropy__astropy-13579,astropy/astropy,Python,grep,unreranked,8,1.0,1.0,1.0,1.0,1.0,1.0,1.0,4248.600833117962,0.0,4248.600833117962,0.0,0
axios__axios-4731,axios/axios,TypeScript/JavaScript,grep,unreranked,6,1.0,1.0,1.0,1.0,1.0,1.0,1.0,2433.522463776171,0.0,2433.522463776171,0.0,0
axios__axios-4738,axios/axios,TypeScript/JavaScript,grep,unreranked,4,1.0,0.0,1.0,1.0,1.0,1.0,0.5,3344.47739738971,0.0,3344.47739738971,0.0,0
axios__axios-5085,axios/axios,TypeScript/JavaScript,grep,unreranked,5,1.0,0.0,0.5,1.0,1.0,1.0,0.3333333333333333,3354.2047515511513,0.0,3354.2047515511513,0.0,0
axios__axios-6539,axios/axios,TypeScript/JavaScript,grep,unreranked,5,1.0,0.0,1.0,1.0,1.0,1.0,0.25,9969.430964440107,0.0,9969.430964440107,0.0,0
babel__babel-13928,babel/babel,TypeScript/JavaScript,grep,unreranked,0,0.0,0.0,0.0,0.0,0.0,0.0,0.0,6010.614954866469,0.0,6010.614954866469,0.0,0
babel__babel-14532,babel/babel,TypeScript/JavaScript,grep,unreranked,5,1.0,0.0,1.0,1.0,1.0,1.0,0.2,4578.336311504245,0.0,4578.336311504245,0.0,0
babel__babel-15445,babel/babel,TypeScript/JavaScript,grep,unreranked,4,1.0,1.0,1.0,1.0,1.0,1.0,1.0,4392.383084632456,0.0,4392.383084632456,0.0,0
babel__babel-15649,babel/babel,TypeScript/JavaScript,grep,unreranked,7,1.0,0.0,1.0,0.0,0.0,1.0,0.14285714285714285,3995.259708724916,0.0,3995.259708724916,0.0,0
caddyserver__caddy-4943,caddyserver/caddy,Go,grep,unreranked,18,1.0,0.0,1.0,0.0,0.0,1.0,0.1,3739.5824529230595,0.0,3739.5824529230595,0.0,0
caddyserver__caddy-5404,caddyserver/caddy,Go,grep,unreranked,4,0.5,0.5,1.0,0.5,0.0,0.5,1.0,3592.6224067807198,0.0,3592.6224067807198,0.0,0
caddyserver__caddy-5761,caddyserver/caddy,Go,grep,unreranked,9,1.0,1.0,1.0,1.0,1.0,1.0,1.0,4176.884850487113,0.0,4176.884850487113,0.0,0
caddyserver__caddy-5870,caddyserver/caddy,Go,grep,unreranked,6,0.0,0.0,1.0,0.0,0.0,0.0,0.0,3819.8339976370335,0.0,3819.8339976370335,0.0,0
caddyserver__caddy-6115,caddyserver/caddy,Go,grep,unreranked,5,1.0,0.0,1.0,1.0,1.0,1.0,0.25,4369.132555089891,0.0,4369.132555089891,0.0,0
facebook__docusaurus-10130,facebook/docusaurus,TypeScript/JavaScript,grep,unreranked,27,1.0,0.0,1.0,1.0,1.0,1.0,0.2,5047.146564349532,0.0,5047.146564349532,0.0,0
facebook__docusaurus-10309,facebook/docusaurus,TypeScript/JavaScript,grep,unreranked,28,1.0,0.0,1.0,1.0,1.0,1.0,0.3333333333333333,5631.16726372391,0.0,5631.16726372391,0.0,0
facebook__docusaurus-8927,facebook/docusaurus,TypeScript/JavaScript,grep,unreranked,11,0.0,0.0,0.0,0.0,0.0,0.0,0.0,6293.730866163969,0.0,6293.730866163969,0.0,0
facebook__docusaurus-9897,facebook/docusaurus,TypeScript/JavaScript,grep,unreranked,8,0.0,0.0,0.0,0.0,0.0,0.0,0.0,4750.829436816275,0.0,4750.829436816275,0.0,0
fmtlib__fmt-2310,fmtlib/fmt,C++/C,grep,unreranked,42,0.5,0.0,1.0,0.0,0.0,0.0,0.024390243902439025,4268.027598969638,0.0,4268.027598969638,0.0,0
fmtlib__fmt-2317,fmtlib/fmt,C++/C,grep,unreranked,21,0.0,0.0,1.0,0.0,0.0,0.0,0.0,4732.503600418568,0.0,4732.503600418568,0.0,0
fmtlib__fmt-3248,fmtlib/fmt,C++/C,grep,unreranked,25,1.0,0.0,1.0,0.0,0.0,1.0,0.1111111111111111,4424.685169942677,0.0,4424.685169942677,0.0,0
gin-gonic__gin-1805,gin-gonic/gin,Go,grep,unreranked,57,1.0,0.0,1.0,0.0,0.0,0.0,0.025,3076.534394174814,0.0,3076.534394174814,0.0,0
gin-gonic__gin-2121,gin-gonic/gin,Go,grep,unreranked,4,1.0,1.0,1.0,1.0,1.0,1.0,1.0,2862.8014884889126,0.0,2862.8014884889126,0.0,0
gin-gonic__gin-2755,gin-gonic/gin,Go,grep,unreranked,4,1.0,0.0,1.0,1.0,1.0,1.0,0.25,3472.4061777815223,0.0,3472.4061777815223,0.0,0
gin-gonic__gin-3741,gin-gonic/gin,Go,grep,unreranked,31,1.0,0.0,1.0,1.0,1.0,1.0,0.5,3779.110790230334,0.0,3779.110790230334,0.0,0
gin-gonic__gin-3820,gin-gonic/gin,Go,grep,unreranked,19,1.0,0.0,1.0,0.0,0.0,0.0,0.08333333333333333,3439.242660999298,0.0,3439.242660999298,0.0,0
gohugoio__hugo-12171,gohugoio/hugo,Go,grep,unreranked,43,0.0,0.0,1.0,0.0,0.0,0.0,0.0,4918.306885287166,0.0,4918.306885287166,0.0,0
gohugoio__hugo-12343,gohugoio/hugo,Go,grep,unreranked,30,0.0,0.0,0.0,0.0,0.0,0.0,0.0,3803.7885017693043,0.0,3803.7885017693043,0.0,0
gohugoio__hugo-12448,gohugoio/hugo,Go,grep,unreranked,57,0.0,0.0,1.0,0.0,0.0,0.0,0.0,5108.8861199095845,0.0,5108.8861199095845,0.0,0
gohugoio__hugo-12562,gohugoio/hugo,Go,grep,unreranked,26,0.0,0.0,0.0,0.0,0.0,0.0,0.0,4083.1953985616565,0.0,4083.1953985616565,0.0,0
gohugoio__hugo-12579,gohugoio/hugo,Go,grep,unreranked,13,1.0,1.0,1.0,1.0,1.0,1.0,1.0,2520.696825347841,0.0,2520.696825347841,0.0,0
hashicorp__terraform-34814,hashicorp/terraform,Go,grep,unreranked,19,0.0,0.0,0.0,0.0,0.0,0.0,0.0,5348.123683594167,0.0,5348.123683594167,0.0,0
hashicorp__terraform-35611,hashicorp/terraform,Go,grep,unreranked,15,0.0,0.0,0.0,0.0,0.0,0.0,0.0,4706.670998595655,0.0,4706.670998595655,0.0,0
jqlang__jq-2235,jqlang/jq,C++/C,grep,unreranked,26,0.0,0.0,1.0,0.0,0.0,0.0,0.0,5131.056283600628,0.0,5131.056283600628,0.0,0
jqlang__jq-2598,jqlang/jq,C++/C,grep,unreranked,4,0.25,0.0,0.3333333333333333,0.25,0.0,0.25,0.5,3392.2505248337984,0.0,3392.2505248337984,0.0,0
jqlang__jq-2658,jqlang/jq,C++/C,grep,unreranked,36,1.0,0.0,1.0,1.0,1.0,1.0,0.2,3073.5857784748077,0.0,3073.5857784748077,0.0,0
jqlang__jq-2728,jqlang/jq,C++/C,grep,unreranked,19,1.0,1.0,1.0,1.0,1.0,1.0,1.0,3723.9268999546766,0.0,3723.9268999546766,0.0,0
jqlang__jq-2750,jqlang/jq,C++/C,grep,unreranked,22,0.75,0.0,0.3333333333333333,0.5,0.0,0.5,0.5,5079.618434421718,0.0,5079.618434421718,0.0,0
matplotlib__matplotlib-13989,matplotlib/matplotlib,Python,grep,unreranked,7,1.0,1.0,1.0,1.0,1.0,1.0,1.0,3484.394857659936,0.0,3484.394857659936,0.0,0
matplotlib__matplotlib-14623,matplotlib/matplotlib,Python,grep,unreranked,25,0.3333333333333333,0.0,0.6666666666666666,0.0,0.0,0.0,0.08333333333333333,4120.946387760341,0.0,4120.946387760341,0.0,0
matplotlib__matplotlib-20488,matplotlib/matplotlib,Python,grep,unreranked,13,0.0,0.0,0.0,0.0,0.0,0.0,0.0,2972.100542858243,0.0,2972.100542858243,0.0,0
matplotlib__matplotlib-20676,matplotlib/matplotlib,Python,grep,unreranked,26,1.0,0.0,1.0,1.0,1.0,1.0,0.25,3780.1829604431987,0.0,3780.1829604431987,0.0,0
micropython__micropython-10095,micropython/micropython,C++/C,grep,unreranked,100,0.0,0.0,0.0,0.0,0.0,0.0,0.0,5238.208795897663,0.0,5238.208795897663,0.0,0
micropython__micropython-13039,micropython/micropython,C++/C,grep,unreranked,8,1.0,1.0,1.0,1.0,1.0,1.0,1.0,4237.506160512567,0.0,4237.506160512567,0.0,0
micropython__micropython-13569,micropython/micropython,C++/C,grep,unreranked,18,1.0,0.0,1.0,0.0,0.0,1.0,0.16666666666666666,5989.317760802805,0.0,5989.317760802805,0.0,0
micropython__micropython-15898,micropython/micropython,C++/C,grep,unreranked,2,1.0,1.0,1.0,1.0,1.0,1.0,1.0,4336.57202962786,0.0,4336.57202962786,0.0,0
nushell__nushell-12901,nushell/nushell,Rust,grep,unreranked,23,0.0,0.0,1.0,0.0,0.0,0.0,0.0,6397.338483482599,0.0,6397.338483482599,0.0,0
nushell__nushell-12950,nushell/nushell,Rust,grep,unreranked,58,1.0,0.0,1.0,0.0,0.0,1.0,0.125,5642.485464923084,0.0,5642.485464923084,0.0,0
nushell__nushell-13605,nushell/nushell,Rust,grep,unreranked,6,1.0,0.0,1.0,1.0,1.0,1.0,0.5,4164.183573797345,0.0,4164.183573797345,0.0,0
nushell__nushell-13831,nushell/nushell,Rust,grep,unreranked,15,1.0,0.16666666666666666,1.0,0.3333333333333333,0.0,0.6666666666666666,1.0,4009.1654509305954,0.0,4009.1654509305954,0.0,0
preactjs__preact-2757,preactjs/preact,TypeScript/JavaScript,grep,unreranked,12,1.0,1.0,1.0,1.0,1.0,1.0,1.0,4332.695502787828,0.0,4332.695502787828,0.0,0
preactjs__preact-2896,preactjs/preact,TypeScript/JavaScript,grep,unreranked,14,1.0,0.0,1.0,1.0,1.0,1.0,0.2,4061.791952699423,0.0,4061.791952699423,0.0,0
preactjs__preact-2927,preactjs/preact,TypeScript/JavaScript,grep,unreranked,4,1.0,0.0,1.0,1.0,1.0,1.0,0.25,3988.088115118444,0.0,3988.088115118444,0.0,0
preactjs__preact-3567,preactjs/preact,TypeScript/JavaScript,grep,unreranked,22,0.6,0.0,0.5,0.2,0.0,0.4,0.5,4703.6331705749035,0.0,4703.6331705749035,0.0,0
prometheus__prometheus-10633,prometheus/prometheus,Go,grep,unreranked,5,1.0,1.0,0.5,1.0,1.0,1.0,1.0,3426.093212328851,0.0,3426.093212328851,0.0,0
prometheus__prometheus-11859,prometheus/prometheus,Go,grep,unreranked,10,0.0,0.0,0.0,0.0,0.0,0.0,0.0,4570.20821981132,0.0,4570.20821981132,0.0,0
prometheus__prometheus-14861,prometheus/prometheus,Go,grep,unreranked,5,1.0,1.0,1.0,1.0,1.0,1.0,1.0,4342.667544260621,0.0,4342.667544260621,0.0,0
prometheus__prometheus-15142,prometheus/prometheus,Go,grep,unreranked,22,0.8,0.0,1.0,0.4,0.0,0.8,0.3333333333333333,5408.792927861214,0.0,5408.792927861214,0.0,0
pydata__xarray-2905,pydata/xarray,Python,grep,unreranked,23,1.0,0.0,1.0,1.0,1.0,1.0,0.3333333333333333,3288.700389675796,0.0,3288.700389675796,0.0,0
pydata__xarray-3151,pydata/xarray,Python,grep,unreranked,16,1.0,0.0,1.0,1.0,1.0,1.0,0.25,3089.8202722892165,0.0,3089.8202722892165,0.0,0
pydata__xarray-3305,pydata/xarray,Python,grep,unreranked,10,1.0,0.0,1.0,0.5,0.0,1.0,0.25,2328.3929927274585,0.0,2328.3929927274585,0.0,0
pydata__xarray-6992,pydata/xarray,Python,grep,unreranked,19,0.6666666666666666,0.0,0.5,0.6666666666666666,0.0,0.6666666666666666,0.5,3648.8835411146283,0.0,3648.8835411146283,0.0,0
redis__redis-10068,redis/redis,C++/C,grep,unreranked,22,1.0,0.0,1.0,0.3333333333333333,0.0,0.6666666666666666,0.2,4841.48083999753,0.0,4841.48083999753,0.0,0
redis__redis-10095,redis/redis,C++/C,grep,unreranked,52,1.0,0.0,1.0,1.0,1.0,1.0,0.25,4079.2756946757436,0.0,4079.2756946757436,0.0,0
redis__redis-11631,redis/redis,C++/C,grep,unreranked,38,0.0,0.0,0.0,0.0,0.0,0.0,0.0,4792.920896783471,0.0,4792.920896783471,0.0,0
redis__redis-11734,redis/redis,C++/C,grep,unreranked,4,1.0,0.5,1.0,1.0,1.0,1.0,1.0,2487.7417339012027,0.0,2487.7417339012027,0.0,0
redis__redis-13338,redis/redis,C++/C,grep,unreranked,16,0.6666666666666666,0.0,1.0,0.3333333333333333,0.0,0.6666666666666666,0.25,3847.143528982997,0.0,3847.143528982997,0.0,0
scikit-learn__scikit-learn-10297,scikit-learn/scikit-learn,Python,grep,unreranked,5,1.0,0.0,1.0,1.0,1.0,1.0,0.5,2404.822412878275,0.0,2404.822412878275,0.0,0
scikit-learn__scikit-learn-10844,scikit-learn/scikit-learn,Python,grep,unreranked,1,1.0,1.0,1.0,1.0,1.0,1.0,1.0,3005.297912284732,0.0,3005.297912284732,0.0,0
scikit-learn__scikit-learn-10908,scikit-learn/scikit-learn,Python,grep,unreranked,7,1.0,1.0,1.0,1.0,1.0,1.0,1.0,2573.7950578331947,0.0,2573.7950578331947,0.0,0
scikit-learn__scikit-learn-13142,scikit-learn/scikit-learn,Python,grep,unreranked,8,1.0,0.0,1.0,1.0,1.0,1.0,0.3333333333333333,3238.7303952127695,0.0,3238.7303952127695,0.0,0
sharkdp__bat-2201,sharkdp/bat,Rust,grep,unreranked,21,1.0,0.0,0.5,1.0,1.0,1.0,0.5,4127.51733046025,0.0,4127.51733046025,0.0,0
sharkdp__bat-2260,sharkdp/bat,Rust,grep,unreranked,19,1.0,0.0,0.0,0.0,0.0,0.0,0.08333333333333333,4150.2049043774605,0.0,4150.2049043774605,0.0,0
sharkdp__bat-2650,sharkdp/bat,Rust,grep,unreranked,7,1.0,0.0,0.5,1.0,1.0,1.0,0.3333333333333333,4084.1638818383217,0.0,4084.1638818383217,0.0,0
sharkdp__bat-3108,sharkdp/bat,Rust,grep,unreranked,40,1.0,0.5,0.6666666666666666,1.0,1.0,1.0,1.0,3118.703839369118,0.0,3118.703839369118,0.0,0
sympy__sympy-11618,sympy/sympy,Python,grep,unreranked,12,1.0,0.0,1.0,1.0,1.0,1.0,0.3333333333333333,2862.79284581542,0.0,2862.79284581542,0.0,0
sympy__sympy-12096,sympy/sympy,Python,grep,unreranked,7,1.0,1.0,1.0,1.0,1.0,1.0,1.0,3049.8110139742494,0.0,3049.8110139742494,0.0,0
sympy__sympy-12419,sympy/sympy,Python,grep,unreranked,13,1.0,0.0,1.0,0.5,0.0,1.0,0.5,4274.305977858603,0.0,4274.305977858603,0.0,0
sympy__sympy-13031,sympy/sympy,Python,grep,unreranked,27,1.0,0.0,0.0,0.0,0.0,0.0,0.043478260869565216,3176.688076928258,0.0,3176.688076928258,0.0,0
tokio-rs__tokio-4898,tokio-rs/tokio,Rust,grep,unreranked,2,1.0,1.0,1.0,1.0,1.0,1.0,1.0,3228.5188511013985,0.0,3228.5188511013985,0.0,0
tokio-rs__tokio-6551,tokio-rs/tokio,Rust,grep,unreranked,8,1.0,0.0,1.0,0.5,0.0,1.0,0.3333333333333333,3191.265285015106,0.0,3191.265285015106,0.0,0
tokio-rs__tokio-6603,tokio-rs/tokio,Rust,grep,unreranked,38,0.0,0.0,1.0,0.0,0.0,0.0,0.0,3665.0376562029123,0.0,3665.0376562029123,0.0,0
tokio-rs__tokio-6752,tokio-rs/tokio,Rust,grep,unreranked,16,1.0,0.0,1.0,0.0,0.0,1.0,0.1111111111111111,3456.3392316922545,0.0,3456.3392316922545,0.0,0
uutils__coreutils-6575,uutils/coreutils,Rust,grep,unreranked,6,0.6,0.2,0.5,0.6,0.0,0.6,1.0,4879.861232824624,0.0,4879.861232824624,0.0,0
uutils__coreutils-6682,uutils/coreutils,Rust,grep,unreranked,5,1.0,0.0,1.0,1.0,1.0,1.0,0.3333333333333333,3856.1998680233955,0.0,3856.1998680233955,0.0,0
uutils__coreutils-6690,uutils/coreutils,Rust,grep,unreranked,4,1.0,1.0,1.0,1.0,1.0,1.0,1.0,4358.840680681169,0.0,4358.840680681169,0.0,0
uutils__coreutils-6731,uutils/coreutils,Rust,grep,unreranked,1,1.0,1.0,1.0,1.0,1.0,1.0,1.0,4734.255103394389,0.0,4734.255103394389,0.0,0
valkey-io__valkey-1842,valkey-io/valkey,C++/C,grep,unreranked,68,1.0,0.0,1.0,1.0,1.0,1.0,0.3333333333333333,4854.366446845233,0.0,4854.366446845233,0.0,0
valkey-io__valkey-790,valkey-io/valkey,C++/C,grep,unreranked,35,0.5,0.0,1.0,0.0,0.0,0.5,0.16666666666666666,4398.304134607315,0.0,4398.304134607315,0.0,0
valkey-io__valkey-928,valkey-io/valkey,C++/C,grep,unreranked,9,1.0,1.0,1.0,1.0,1.0,1.0,1.0,3092.9156318306923,0.0,3092.9156318306923,0.0,0
vuejs__core-11589,vuejs/core,TypeScript/JavaScript,grep,unreranked,16,0.6666666666666666,0.0,1.0,0.0,0.0,0.0,0.08333333333333333,4587.431984953582,0.0,4587.431984953582,0.0,0
vuejs__core-11870,vuejs/core,TypeScript/JavaScript,grep,unreranked,22,1.0,1.0,1.0,1.0,1.0,1.0,1.0,3926.0451262816787,0.0,3926.0451262816787,0.0,0
vuejs__core-11915,vuejs/core,TypeScript/JavaScript,grep,unreranked,34,1.0,0.0,0.0,0.0,0.0,0.0,0.03571428571428571,4327.735378406942,0.0,4327.735378406942,0.0,0
astral-sh__ruff-15309,astral-sh/ruff,Rust,dense,unreranked,100,1.0,0.0,0.0,0.0,0.0,0.0,0.014705882352941176,13.166451826691628,0.0,13.166451826691628,0.0,0
astral-sh__ruff-15330,astral-sh/ruff,Rust,dense,unreranked,100,1.0,0.0,1.0,0.5,0.0,1.0,0.5,19.54665407538414,0.0,19.54665407538414,0.0,0
astral-sh__ruff-15356,astral-sh/ruff,Rust,dense,unreranked,100,0.0,0.0,0.0,0.0,0.0,0.0,0.0,20.56088950484991,0.0,20.56088950484991,0.0,0
astral-sh__ruff-15443,astral-sh/ruff,Rust,dense,unreranked,100,1.0,0.0,0.5,0.5,0.0,0.5,0.25,13.793246820569038,0.0,13.793246820569038,0.0,0
astropy__astropy-12907,astropy/astropy,Python,dense,unreranked,100,1.0,0.0,1.0,0.0,0.0,1.0,0.125,13.222843408584595,0.0,13.222843408584595,0.0,0
astropy__astropy-13033,astropy/astropy,Python,dense,unreranked,100,1.0,1.0,1.0,1.0,1.0,1.0,1.0,19.793621264398098,0.0,19.793621264398098,0.0,0
astropy__astropy-13236,astropy/astropy,Python,dense,unreranked,100,1.0,0.0,1.0,0.0,0.0,1.0,0.14285714285714285,13.759388588368893,0.0,13.759388588368893,0.0,0
astropy__astropy-13579,astropy/astropy,Python,dense,unreranked,100,1.0,0.0,1.0,1.0,1.0,1.0,0.3333333333333333,38.846706971526146,0.0,38.846706971526146,0.0,0
axios__axios-4731,axios/axios,TypeScript/JavaScript,dense,unreranked,100,1.0,1.0,1.0,1.0,1.0,1.0,1.0,15.10216947644949,0.0,15.10216947644949,0.0,0
axios__axios-4738,axios/axios,TypeScript/JavaScript,dense,unreranked,100,1.0,0.0,0.0,0.0,0.0,0.0,0.07142857142857142,16.87577459961176,0.0,16.87577459961176,0.0,0
axios__axios-5085,axios/axios,TypeScript/JavaScript,dense,unreranked,100,1.0,0.0,0.5,0.0,0.0,1.0,0.1111111111111111,14.559183269739151,0.0,14.559183269739151,0.0,0
axios__axios-6539,axios/axios,TypeScript/JavaScript,dense,unreranked,100,1.0,0.0,0.0,0.0,0.0,0.0,0.01818181818181818,21.404540166258812,0.0,21.404540166258812,0.0,0
babel__babel-13928,babel/babel,TypeScript/JavaScript,dense,unreranked,100,0.0,0.0,1.0,0.0,0.0,0.0,0.0,17.638112418353558,0.0,17.638112418353558,0.0,0
babel__babel-14532,babel/babel,TypeScript/JavaScript,dense,unreranked,100,0.0,0.0,0.0,0.0,0.0,0.0,0.0,19.4429699331522,0.0,19.4429699331522,0.0,0
babel__babel-15445,babel/babel,TypeScript/JavaScript,dense,unreranked,100,1.0,0.0,0.0,0.0,0.0,0.0,0.0196078431372549,44.385943561792374,0.0,44.385943561792374,0.0,0
babel__babel-15649,babel/babel,TypeScript/JavaScript,dense,unreranked,100,1.0,0.0,1.0,1.0,1.0,1.0,0.2,15.161419287323952,0.0,15.161419287323952,0.0,0
caddyserver__caddy-4943,caddyserver/caddy,Go,dense,unreranked,100,1.0,1.0,1.0,1.0,1.0,1.0,1.0,24.243234656751156,0.0,24.243234656751156,0.0,0
caddyserver__caddy-5404,caddyserver/caddy,Go,dense,unreranked,100,0.0,0.0,0.0,0.0,0.0,0.0,0.0,36.22135892510414,0.0,36.22135892510414,0.0,0
caddyserver__caddy-5761,caddyserver/caddy,Go,dense,unreranked,100,1.0,0.0,1.0,1.0,1.0,1.0,0.5,15.400108881294727,0.0,15.400108881294727,0.0,0
caddyserver__caddy-5870,caddyserver/caddy,Go,dense,unreranked,100,0.0,0.0,0.0,0.0,0.0,0.0,0.0,17.1704376116395,0.0,17.1704376116395,0.0,0
caddyserver__caddy-6115,caddyserver/caddy,Go,dense,unreranked,100,1.0,1.0,1.0,1.0,1.0,1.0,1.0,16.252687200903893,0.0,16.252687200903893,0.0,0
facebook__docusaurus-10130,facebook/docusaurus,TypeScript/JavaScript,dense,unreranked,100,1.0,0.0,1.0,1.0,1.0,1.0,0.5,23.97977188229561,0.0,23.97977188229561,0.0,0
facebook__docusaurus-10309,facebook/docusaurus,TypeScript/JavaScript,dense,unreranked,100,1.0,0.0,0.0,0.0,0.0,0.0,0.010526315789473684,23.53011816740036,0.0,23.53011816740036,0.0,0
facebook__docusaurus-8927,facebook/docusaurus,TypeScript/JavaScript,dense,unreranked,100,1.0,0.0,1.0,1.0,1.0,1.0,0.5,16.92291721701622,0.0,16.92291721701622,0.0,0
facebook__docusaurus-9897,facebook/docusaurus,TypeScript/JavaScript,dense,unreranked,100,0.0,0.0,0.0,0.0,0.0,0.0,0.0,16.487848944962025,0.0,16.487848944962025,0.0,0
fmtlib__fmt-2310,fmtlib/fmt,C++/C,dense,unreranked,100,1.0,0.5,1.0,1.0,1.0,1.0,1.0,14.646603725850582,0.0,14.646603725850582,0.0,0
fmtlib__fmt-2317,fmtlib/fmt,C++/C,dense,unreranked,100,0.0,0.0,1.0,0.0,0.0,0.0,0.0,15.414879657328129,0.0,15.414879657328129,0.0,0
fmtlib__fmt-3248,fmtlib/fmt,C++/C,dense,unreranked,100,1.0,1.0,1.0,1.0,1.0,1.0,1.0,15.617636032402515,0.0,15.617636032402515,0.0,0
gin-gonic__gin-1805,gin-gonic/gin,Go,dense,unreranked,100,1.0,0.0,1.0,0.0,0.0,0.0,0.029411764705882353,15.591854229569435,0.0,15.591854229569435,0.0,0
gin-gonic__gin-2121,gin-gonic/gin,Go,dense,unreranked,100,1.0,0.0,1.0,1.0,1.0,1.0,0.25,18.223951570689678,0.0,18.223951570689678,0.0,0
gin-gonic__gin-2755,gin-gonic/gin,Go,dense,unreranked,100,1.0,0.0,0.0,0.0,0.0,0.0,0.011111111111111112,22.13623747229576,0.0,22.13623747229576,0.0,0
gin-gonic__gin-3741,gin-gonic/gin,Go,dense,unreranked,100,1.0,0.0,1.0,1.0,1.0,1.0,0.5,15.487348660826683,0.0,15.487348660826683,0.0,0
gin-gonic__gin-3820,gin-gonic/gin,Go,dense,unreranked,100,0.0,0.0,0.0,0.0,0.0,0.0,0.0,23.84063508361578,0.0,23.84063508361578,0.0,0
gohugoio__hugo-12171,gohugoio/hugo,Go,dense,unreranked,100,1.0,0.0,0.0,0.0,0.0,0.0,0.01,22.26468827575445,0.0,22.26468827575445,0.0,0
gohugoio__hugo-12343,gohugoio/hugo,Go,dense,unreranked,100,0.0,0.0,0.0,0.0,0.0,0.0,0.0,17.58116390556097,0.0,17.58116390556097,0.0,0
gohugoio__hugo-12448,gohugoio/hugo,Go,dense,unreranked,100,0.0,0.0,0.0,0.0,0.0,0.0,0.0,18.582475371658802,0.0,18.582475371658802,0.0,0
gohugoio__hugo-12562,gohugoio/hugo,Go,dense,unreranked,100,0.0,0.0,0.0,0.0,0.0,0.0,0.0,18.898475915193558,0.0,18.898475915193558,0.0,0
gohugoio__hugo-12579,gohugoio/hugo,Go,dense,unreranked,100,1.0,1.0,1.0,1.0,1.0,1.0,1.0,10.489770211279392,0.0,10.489770211279392,0.0,0
hashicorp__terraform-34814,hashicorp/terraform,Go,dense,unreranked,100,0.0,0.0,0.0,0.0,0.0,0.0,0.0,16.12797100096941,0.0,16.12797100096941,0.0,0
hashicorp__terraform-35611,hashicorp/terraform,Go,dense,unreranked,100,0.0,0.0,0.0,0.0,0.0,0.0,0.0,30.721191316843033,0.0,30.721191316843033,0.0,0
jqlang__jq-2235,jqlang/jq,C++/C,dense,unreranked,100,0.0,0.0,1.0,0.0,0.0,0.0,0.0,15.683095902204514,0.0,15.683095902204514,0.0,0
jqlang__jq-2598,jqlang/jq,C++/C,dense,unreranked,100,0.75,0.0,0.0,0.0,0.0,0.0,0.02702702702702703,15.895034186542034,0.0,15.895034186542034,0.0,0
jqlang__jq-2658,jqlang/jq,C++/C,dense,unreranked,100,1.0,0.0,1.0,1.0,1.0,1.0,0.5,15.65017644315958,0.0,15.65017644315958,0.0,0
jqlang__jq-2728,jqlang/jq,C++/C,dense,unreranked,100,1.0,0.0,1.0,0.0,0.0,1.0,0.14285714285714285,15.543651767075062,0.0,15.543651767075062,0.0,0
jqlang__jq-2750,jqlang/jq,C++/C,dense,unreranked,100,1.0,0.0,0.3333333333333333,0.25,0.0,0.5,0.3333333333333333,16.249013133347034,0.0,16.249013133347034,0.0,0
matplotlib__matplotlib-13989,matplotlib/matplotlib,Python,dense,unreranked,100,1.0,0.0,1.0,1.0,1.0,1.0,0.5,13.739204034209251,0.0,13.739204034209251,0.0,0
matplotlib__matplotlib-14623,matplotlib/matplotlib,Python,dense,unreranked,100,0.3333333333333333,0.0,0.3333333333333333,0.0,0.0,0.0,0.02857142857142857,22.738244384527206,0.0,22.738244384527206,0.0,0
matplotlib__matplotlib-20488,matplotlib/matplotlib,Python,dense,unreranked,100,1.0,0.0,1.0,0.0,0.0,1.0,0.14285714285714285,23.119395598769188,0.0,23.119395598769188,0.0,0
matplotlib__matplotlib-20676,matplotlib/matplotlib,Python,dense,unreranked,100,1.0,0.0,1.0,0.0,0.0,0.0,0.021739130434782608,19.908721558749676,0.0,19.908721558749676,0.0,0
micropython__micropython-10095,micropython/micropython,C++/C,dense,unreranked,100,1.0,0.0,1.0,1.0,1.0,1.0,0.5,15.772164799273014,0.0,15.772164799273014,0.0,0
micropython__micropython-13039,micropython/micropython,C++/C,dense,unreranked,100,1.0,0.0,0.0,0.0,0.0,0.0,0.09090909090909091,33.256477676332,0.0,33.256477676332,0.0,0
micropython__micropython-13569,micropython/micropython,C++/C,dense,unreranked,100,0.0,0.0,0.0,0.0,0.0,0.0,0.0,29.22299038618803,0.0,29.22299038618803,0.0,0
micropython__micropython-15898,micropython/micropython,C++/C,dense,unreranked,100,1.0,1.0,1.0,1.0,1.0,1.0,1.0,13.888482935726643,0.0,13.888482935726643,0.0,0
nushell__nushell-12901,nushell/nushell,Rust,dense,unreranked,100,0.0,0.0,0.0,0.0,0.0,0.0,0.0,20.315025933086872,0.0,20.315025933086872,0.0,0
nushell__nushell-12950,nushell/nushell,Rust,dense,unreranked,100,0.0,0.0,0.0,0.0,0.0,0.0,0.0,19.018308259546757,0.0,19.018308259546757,0.0,0
nushell__nushell-13605,nushell/nushell,Rust,dense,unreranked,100,1.0,0.0,1.0,0.5,0.0,0.5,0.2,20.733547396957874,0.0,20.733547396957874,0.0,0
nushell__nushell-13831,nushell/nushell,Rust,dense,unreranked,100,1.0,0.16666666666666666,1.0,0.5,0.0,0.8333333333333334,1.0,21.576454862952232,0.0,21.576454862952232,0.0,0
preactjs__preact-2757,preactjs/preact,TypeScript/JavaScript,dense,unreranked,100,0.0,0.0,0.0,0.0,0.0,0.0,0.0,16.62387792021036,0.0,16.62387792021036,0.0,0
preactjs__preact-2896,preactjs/preact,TypeScript/JavaScript,dense,unreranked,100,0.0,0.0,0.0,0.0,0.0,0.0,0.0,13.829929754137993,0.0,13.829929754137993,0.0,0
preactjs__preact-2927,preactjs/preact,TypeScript/JavaScript,dense,unreranked,100,1.0,0.0,0.0,0.0,0.0,0.0,0.022727272727272728,13.961849734187126,0.0,13.961849734187126,0.0,0
preactjs__preact-3567,preactjs/preact,TypeScript/JavaScript,dense,unreranked,100,1.0,0.0,0.5,0.2,0.0,0.6,0.5,13.375462032854557,0.0,13.375462032854557,0.0,0
prometheus__prometheus-10633,prometheus/prometheus,Go,dense,unreranked,100,1.0,0.0,0.5,1.0,1.0,1.0,0.3333333333333333,15.381960198283195,0.0,15.381960198283195,0.0,0
prometheus__prometheus-11859,prometheus/prometheus,Go,dense,unreranked,100,0.0,0.0,0.0,0.0,0.0,0.0,0.0,213.107043877244,0.0,213.107043877244,0.0,0
prometheus__prometheus-14861,prometheus/prometheus,Go,dense,unreranked,100,1.0,0.0,0.0,0.0,0.0,0.0,0.0625,13.048054650425911,0.0,13.048054650425911,0.0,0
prometheus__prometheus-15142,prometheus/prometheus,Go,dense,unreranked,100,0.6,0.0,1.0,0.2,0.0,0.2,0.5,14.588897116482258,0.0,14.588897116482258,0.0,0
pydata__xarray-2905,pydata/xarray,Python,dense,unreranked,100,1.0,0.0,1.0,0.0,0.0,0.0,0.019230769230769232,19.39001027494669,0.0,19.39001027494669,0.0,0
pydata__xarray-3151,pydata/xarray,Python,dense,unreranked,100,1.0,1.0,1.0,1.0,1.0,1.0,1.0,20.43644618242979,0.0,20.43644618242979,0.0,0
pydata__xarray-3305,pydata/xarray,Python,dense,unreranked,100,1.0,0.0,1.0,1.0,1.0,1.0,0.5,18.017679452896118,0.0,18.017679452896118,0.0,0
pydata__xarray-6992,pydata/xarray,Python,dense,unreranked,100,0.6666666666666666,0.0,0.5,0.3333333333333333,0.0,0.6666666666666666,0.5,20.38026787340641,0.0,20.38026787340641,0.0,0
redis__redis-10068,redis/redis,C++/C,dense,unreranked,100,1.0,0.0,1.0,0.3333333333333333,0.0,0.3333333333333333,0.3333333333333333,21.78184036165476,0.0,21.78184036165476,0.0,0
redis__redis-10095,redis/redis,C++/C,dense,unreranked,100,1.0,0.0,1.0,0.0,0.0,1.0,0.125,9.750725701451302,0.0,9.750725701451302,0.0,0
redis__redis-11631,redis/redis,C++/C,dense,unreranked,100,0.0,0.0,0.0,0.0,0.0,0.0,0.0,22.53191638737917,0.0,22.53191638737917,0.0,0
redis__redis-11734,redis/redis,C++/C,dense,unreranked,100,1.0,0.5,1.0,1.0,1.0,1.0,1.0,19.92959063500166,0.0,19.92959063500166,0.0,0
redis__redis-13338,redis/redis,C++/C,dense,unreranked,100,0.0,0.0,0.0,0.0,0.0,0.0,0.0,42.107160203158855,0.0,42.107160203158855,0.0,0
scikit-learn__scikit-learn-10297,scikit-learn/scikit-learn,Python,dense,unreranked,100,1.0,0.0,1.0,1.0,1.0,1.0,0.25,18.06028187274933,0.0,18.06028187274933,0.0,0
scikit-learn__scikit-learn-10844,scikit-learn/scikit-learn,Python,dense,unreranked,100,1.0,1.0,1.0,1.0,1.0,1.0,1.0,19.66218836605549,0.0,19.66218836605549,0.0,0
scikit-learn__scikit-learn-10908,scikit-learn/scikit-learn,Python,dense,unreranked,100,1.0,1.0,1.0,1.0,1.0,1.0,1.0,18.4712503105402,0.0,18.4712503105402,0.0,0
scikit-learn__scikit-learn-13142,scikit-learn/scikit-learn,Python,dense,unreranked,100,1.0,1.0,1.0,1.0,1.0,1.0,1.0,24.940194562077522,0.0,24.940194562077522,0.0,0
sharkdp__bat-2201,sharkdp/bat,Rust,dense,unreranked,100,1.0,1.0,0.5,1.0,1.0,1.0,1.0,23.7363213673234,0.0,23.7363213673234,0.0,0
sharkdp__bat-2260,sharkdp/bat,Rust,dense,unreranked,100,1.0,0.0,0.5,0.0,0.0,0.0,0.022222222222222223,22.6888507604599,0.0,22.6888507604599,0.0,0
sharkdp__bat-2650,sharkdp/bat,Rust,dense,unreranked,100,1.0,0.0,0.5,0.0,0.0,0.0,0.0125,40.11560045182705,0.0,40.11560045182705,0.0,0
sharkdp__bat-3108,sharkdp/bat,Rust,dense,unreranked,100,1.0,0.5,0.6666666666666666,1.0,1.0,1.0,1.0,17.113549634814262,0.0,17.113549634814262,0.0,0
sympy__sympy-11618,sympy/sympy,Python,dense,unreranked,100,1.0,1.0,1.0,1.0,1.0,1.0,1.0,10.707066394388676,0.0,10.707066394388676,0.0,0
sympy__sympy-12096,sympy/sympy,Python,dense,unreranked,100,1.0,1.0,1.0,1.0,1.0,1.0,1.0,10.951893404126167,0.0,10.951893404126167,0.0,0
sympy__sympy-12419,sympy/sympy,Python,dense,unreranked,100,0.5,0.0,0.0,0.0,0.0,0.0,0.020833333333333332,21.17069438099861,0.0,21.17069438099861,0.0,0
sympy__sympy-13031,sympy/sympy,Python,dense,unreranked,100,0.0,0.0,0.0,0.0,0.0,0.0,0.0,20.582208409905434,0.0,20.582208409905434,0.0,0
tokio-rs__tokio-4898,tokio-rs/tokio,Rust,dense,unreranked,100,1.0,0.0,1.0,0.0,0.0,1.0,0.16666666666666666,19.064531661570072,0.0,19.064531661570072,0.0,0
tokio-rs__tokio-6551,tokio-rs/tokio,Rust,dense,unreranked,100,1.0,0.0,1.0,1.0,1.0,1.0,0.5,18.028313294053078,0.0,18.028313294053078,0.0,0
tokio-rs__tokio-6603,tokio-rs/tokio,Rust,dense,unreranked,100,1.0,0.0,0.0,0.0,0.0,0.0,0.010416666666666666,19.048425368964672,0.0,19.048425368964672,0.0,0
tokio-rs__tokio-6752,tokio-rs/tokio,Rust,dense,unreranked,100,1.0,0.0,1.0,1.0,1.0,1.0,0.25,18.72833538800478,0.0,18.72833538800478,0.0,0
uutils__coreutils-6575,uutils/coreutils,Rust,dense,unreranked,100,0.8,0.2,0.5,0.6,0.0,0.6,1.0,22.722534835338593,0.0,22.722534835338593,0.0,0
uutils__coreutils-6682,uutils/coreutils,Rust,dense,unreranked,100,1.0,0.5,1.0,1.0,1.0,1.0,1.0,17.79234316200018,0.0,17.79234316200018,0.0,0
uutils__coreutils-6690,uutils/coreutils,Rust,dense,unreranked,100,1.0,0.0,1.0,0.0,0.0,1.0,0.125,16.09975378960371,0.0,16.09975378960371,0.0,0
uutils__coreutils-6731,uutils/coreutils,Rust,dense,unreranked,100,1.0,0.0,1.0,1.0,1.0,1.0,0.5,16.343070194125175,0.0,16.343070194125175,0.0,0
valkey-io__valkey-1842,valkey-io/valkey,C++/C,dense,unreranked,100,1.0,0.0,1.0,0.0,0.0,0.0,0.05,11.694923974573612,0.0,11.694923974573612,0.0,0
valkey-io__valkey-790,valkey-io/valkey,C++/C,dense,unreranked,100,1.0,0.0,1.0,0.5,0.0,0.5,0.5,28.505333699285984,0.0,28.505333699285984,0.0,0
valkey-io__valkey-928,valkey-io/valkey,C++/C,dense,unreranked,100,0.0,0.0,0.0,0.0,0.0,0.0,0.0,180.45193422585726,0.0,180.45193422585726,0.0,0
vuejs__core-11589,vuejs/core,TypeScript/JavaScript,dense,unreranked,100,0.3333333333333333,0.0,1.0,0.3333333333333333,0.0,0.3333333333333333,0.5,23.27750902622938,0.0,23.27750902622938,0.0,0
vuejs__core-11870,vuejs/core,TypeScript/JavaScript,dense,unreranked,100,1.0,1.0,1.0,1.0,1.0,1.0,1.0,18.899398855865,0.0,18.899398855865,0.0,0
vuejs__core-11915,vuejs/core,TypeScript/JavaScript,dense,unreranked,100,0.0,0.0,0.0,0.0,0.0,0.0,0.0,15.4569111764431,0.0,15.4569111764431,0.0,0
astral-sh__ruff-15309,astral-sh/ruff,Rust,hybrid,unreranked,100,1.0,0.0,0.0,0.0,0.0,0.0,0.047619047619047616,111.77358403801918,0.0,111.77358403801918,0.0,0
astral-sh__ruff-15330,astral-sh/ruff,Rust,hybrid,unreranked,100,1.0,0.0,1.0,1.0,1.0,1.0,0.25,397.75862358510494,0.0,397.75862358510494,0.0,0
astral-sh__ruff-15356,astral-sh/ruff,Rust,hybrid,unreranked,100,0.0,0.0,0.0,0.0,0.0,0.0,0.0,691.9642835855484,0.0,691.9642835855484,0.0,0
astral-sh__ruff-15443,astral-sh/ruff,Rust,hybrid,unreranked,100,1.0,0.0,0.5,0.5,0.0,0.5,0.25,263.31860572099686,0.0,263.31860572099686,0.0,0
astropy__astropy-12907,astropy/astropy,Python,hybrid,unreranked,100,1.0,0.0,1.0,0.0,0.0,0.0,0.038461538461538464,281.89294692128897,0.0,281.89294692128897,0.0,0
astropy__astropy-13033,astropy/astropy,Python,hybrid,unreranked,100,1.0,0.0,0.0,0.0,0.0,1.0,0.1,667.2602584585547,0.0,667.2602584585547,0.0,0
astropy__astropy-13236,astropy/astropy,Python,hybrid,unreranked,100,1.0,0.0,1.0,1.0,1.0,1.0,0.5,571.5388432145119,0.0,571.5388432145119,0.0,0
astropy__astropy-13579,astropy/astropy,Python,hybrid,unreranked,100,1.0,0.0,0.0,0.0,0.0,1.0,0.125,1886.7464922368526,0.0,1886.7464922368526,0.0,0
axios__axios-4731,axios/axios,TypeScript/JavaScript,hybrid,unreranked,100,1.0,1.0,1.0,1.0,1.0,1.0,1.0,28.919651173055172,0.0,28.919651173055172,0.0,0
axios__axios-4738,axios/axios,TypeScript/JavaScript,hybrid,unreranked,100,1.0,1.0,1.0,1.0,1.0,1.0,1.0,34.72695965319872,0.0,34.72695965319872,0.0,0
axios__axios-5085,axios/axios,TypeScript/JavaScript,hybrid,unreranked,100,1.0,0.0,0.5,0.0,0.0,0.0,0.09090909090909091,24.825903587043285,0.0,24.825903587043285,0.0,0
axios__axios-6539,axios/axios,TypeScript/JavaScript,hybrid,unreranked,100,1.0,0.0,0.0,0.0,0.0,0.0,0.08333333333333333,38.35028223693371,0.0,38.35028223693371,0.0,0
babel__babel-13928,babel/babel,TypeScript/JavaScript,hybrid,unreranked,100,1.0,0.0,1.0,0.0,0.0,0.0,0.016129032258064516,112.42051608860493,0.0,112.42051608860493,0.0,0
babel__babel-14532,babel/babel,TypeScript/JavaScript,hybrid,unreranked,100,0.0,0.0,0.0,0.0,0.0,0.0,0.0,201.6996880993247,0.0,201.6996880993247,0.0,0
babel__babel-15445,babel/babel,TypeScript/JavaScript,hybrid,unreranked,100,1.0,0.0,0.0,0.0,0.0,0.0,0.045454545454545456,561.9318056851625,0.0,561.9318056851625,0.0,0
babel__babel-15649,babel/babel,TypeScript/JavaScript,hybrid,unreranked,100,1.0,0.0,0.0,0.0,0.0,0.0,0.037037037037037035,145.19310928881168,0.0,145.19310928881168,0.0,0
caddyserver__caddy-4943,caddyserver/caddy,Go,hybrid,unreranked,100,1.0,0.0,0.0,0.0,0.0,0.0,0.07142857142857142,139.9275977164507,0.0,139.9275977164507,0.0,0
caddyserver__caddy-5404,caddyserver/caddy,Go,hybrid,unreranked,100,1.0,0.0,0.0,0.0,0.0,0.0,0.0196078431372549,167.8450657054782,0.0,167.8450657054782,0.0,0
caddyserver__caddy-5761,caddyserver/caddy,Go,hybrid,unreranked,100,1.0,0.0,1.0,1.0,1.0,1.0,0.3333333333333333,31.573212705552578,0.0,31.573212705552578,0.0,0
caddyserver__caddy-5870,caddyserver/caddy,Go,hybrid,unreranked,100,1.0,0.0,0.0,0.0,0.0,0.0,0.010752688172043012,99.52336549758911,0.0,99.52336549758911,0.0,0
caddyserver__caddy-6115,caddyserver/caddy,Go,hybrid,unreranked,100,1.0,0.0,1.0,0.0,0.0,1.0,0.16666666666666666,89.04877118766308,0.0,89.04877118766308,0.0,0
facebook__docusaurus-10130,facebook/docusaurus,TypeScript/JavaScript,hybrid,unreranked,100,1.0,0.0,0.0,0.0,0.0,1.0,0.14285714285714285,195.191347040236,0.0,195.191347040236,0.0,0
facebook__docusaurus-10309,facebook/docusaurus,TypeScript/JavaScript,hybrid,unreranked,100,1.0,0.0,0.0,0.0,0.0,0.0,0.03571428571428571,175.55983178317547,0.0,175.55983178317547,0.0,0
facebook__docusaurus-8927,facebook/docusaurus,TypeScript/JavaScript,hybrid,unreranked,100,1.0,0.0,1.0,1.0,1.0,1.0,0.5,105.30685260891914,0.0,105.30685260891914,0.0,0
facebook__docusaurus-9897,facebook/docusaurus,TypeScript/JavaScript,hybrid,unreranked,100,0.0,0.0,0.0,0.0,0.0,0.0,0.0,100.07447004318237,0.0,100.07447004318237,0.0,0
fmtlib__fmt-2310,fmtlib/fmt,C++/C,hybrid,unreranked,100,1.0,0.0,1.0,0.5,0.0,0.5,0.2,34.302462823688984,0.0,34.302462823688984,0.0,0
fmtlib__fmt-2317,fmtlib/fmt,C++/C,hybrid,unreranked,100,0.0,0.0,1.0,0.0,0.0,0.0,0.0,33.93333591520786,0.0,33.93333591520786,0.0,0
fmtlib__fmt-3248,fmtlib/fmt,C++/C,hybrid,unreranked,100,1.0,0.0,1.0,0.0,0.0,1.0,0.14285714285714285,32.191077247262,0.0,32.191077247262,0.0,0
gin-gonic__gin-1805,gin-gonic/gin,Go,hybrid,unreranked,100,1.0,0.0,1.0,0.0,0.0,0.0,0.014492753623188406,31.761364080011845,0.0,31.761364080011845,0.0,0
gin-gonic__gin-2121,gin-gonic/gin,Go,hybrid,unreranked,100,1.0,0.0,1.0,1.0,1.0,1.0,0.3333333333333333,61.76459416747093,0.0,61.76459416747093,0.0,0
gin-gonic__gin-2755,gin-gonic/gin,Go,hybrid,unreranked,100,0.0,0.0,0.0,0.0,0.0,0.0,0.0,70.41735481470823,0.0,70.41735481470823,0.0,0
gin-gonic__gin-3741,gin-gonic/gin,Go,hybrid,unreranked,100,1.0,0.0,1.0,1.0,1.0,1.0,0.2,31.528668478131294,0.0,31.528668478131294,0.0,0
gin-gonic__gin-3820,gin-gonic/gin,Go,hybrid,unreranked,100,0.0,0.0,0.0,0.0,0.0,0.0,0.0,84.01759434491396,0.0,84.01759434491396,0.0,0
gohugoio__hugo-12171,gohugoio/hugo,Go,hybrid,unreranked,100,0.0,0.0,0.0,0.0,0.0,0.0,0.0,566.1356505006552,0.0,566.1356505006552,0.0,0
gohugoio__hugo-12343,gohugoio/hugo,Go,hybrid,unreranked,100,0.0,0.0,0.0,0.0,0.0,0.0,0.0,156.3878646120429,0.0,156.3878646120429,0.0,0
gohugoio__hugo-12448,gohugoio/hugo,Go,hybrid,unreranked,100,0.0,0.0,0.0,0.0,0.0,0.0,0.0,367.32178553938866,0.0,367.32178553938866,0.0,0
gohugoio__hugo-12562,gohugoio/hugo,Go,hybrid,unreranked,100,0.0,0.0,0.0,0.0,0.0,0.0,0.0,353.7841094657779,0.0,353.7841094657779,0.0,0
gohugoio__hugo-12579,gohugoio/hugo,Go,hybrid,unreranked,100,1.0,0.0,1.0,1.0,1.0,1.0,0.5,124.36143308877945,0.0,124.36143308877945,0.0,0
hashicorp__terraform-34814,hashicorp/terraform,Go,hybrid,unreranked,100,0.0,0.0,0.0,0.0,0.0,0.0,0.0,523.7821247428656,0.0,523.7821247428656,0.0,0
hashicorp__terraform-35611,hashicorp/terraform,Go,hybrid,unreranked,100,0.0,0.0,0.0,0.0,0.0,0.0,0.0,1177.54075396806,0.0,1177.54075396806,0.0,0
jqlang__jq-2235,jqlang/jq,C++/C,hybrid,unreranked,100,0.0,0.0,1.0,0.0,0.0,0.0,0.0,35.99139582365751,0.0,35.99139582365751,0.0,0
jqlang__jq-2598,jqlang/jq,C++/C,hybrid,unreranked,100,0.75,0.25,0.3333333333333333,0.25,0.0,0.25,1.0,54.006632417440414,0.0,54.006632417440414,0.0,0
jqlang__jq-2658,jqlang/jq,C++/C,hybrid,unreranked,100,1.0,0.0,1.0,1.0,1.0,1.0,0.5,40.34812655299902,0.0,40.34812655299902,0.0,0
jqlang__jq-2728,jqlang/jq,C++/C,hybrid,unreranked,100,1.0,1.0,1.0,1.0,1.0,1.0,1.0,42.13029891252518,0.0,42.13029891252518,0.0,0
jqlang__jq-2750,jqlang/jq,C++/C,hybrid,unreranked,100,1.0,0.25,0.3333333333333333,0.5,0.0,0.75,1.0,43.2191863656044,0.0,43.2191863656044,0.0,0
matplotlib__matplotlib-13989,matplotlib/matplotlib,Python,hybrid,unreranked,100,1.0,1.0,1.0,1.0,1.0,1.0,1.0,353.31128258258104,0.0,353.31128258258104,0.0,0
matplotlib__matplotlib-14623,matplotlib/matplotlib,Python,hybrid,unreranked,100,0.16666666666666666,0.0,0.3333333333333333,0.16666666666666666,0.0,0.16666666666666666,0.5,474.5719525963068,0.0,474.5719525963068,0.0,0
matplotlib__matplotlib-20488,matplotlib/matplotlib,Python,hybrid,unreranked,100,1.0,1.0,1.0,1.0,1.0,1.0,1.0,740.2913523837924,0.0,740.2913523837924,0.0,0
matplotlib__matplotlib-20676,matplotlib/matplotlib,Python,hybrid,unreranked,100,0.0,0.0,1.0,0.0,0.0,0.0,0.0,605.3813369944692,0.0,605.3813369944692,0.0,0
micropython__micropython-10095,micropython/micropython,C++/C,hybrid,unreranked,100,1.0,0.0,0.0,0.0,0.0,0.0,0.09090909090909091,337.10203133523464,0.0,337.10203133523464,0.0,0
micropython__micropython-13039,micropython/micropython,C++/C,hybrid,unreranked,100,1.0,0.0,0.0,0.0,0.0,1.0,0.16666666666666666,2087.3783556744456,0.0,2087.3783556744456,0.0,0
micropython__micropython-13569,micropython/micropython,C++/C,hybrid,unreranked,100,0.0,0.0,0.0,0.0,0.0,0.0,0.0,648.9343084394932,0.0,648.9343084394932,0.0,0
micropython__micropython-15898,micropython/micropython,C++/C,hybrid,unreranked,100,1.0,0.0,1.0,0.0,0.0,1.0,0.16666666666666666,366.30408000200987,0.0,366.30408000200987,0.0,0
nushell__nushell-12901,nushell/nushell,Rust,hybrid,unreranked,100,0.0,0.0,0.0,0.0,0.0,0.0,0.0,599.5001206174493,0.0,599.5001206174493,0.0,0
nushell__nushell-12950,nushell/nushell,Rust,hybrid,unreranked,100,0.0,0.0,0.0,0.0,0.0,0.0,0.0,369.25041023641825,0.0,369.25041023641825,0.0,0
nushell__nushell-13605,nushell/nushell,Rust,hybrid,unreranked,100,1.0,0.5,1.0,0.5,0.0,1.0,1.0,464.87354673445225,0.0,464.87354673445225,0.0,0
nushell__nushell-13831,nushell/nushell,Rust,hybrid,unreranked,100,1.0,0.0,1.0,0.5,0.0,0.5,0.5,836.4740805700421,0.0,836.4740805700421,0.0,0
preactjs__preact-2757,preactjs/preact,TypeScript/JavaScript,hybrid,unreranked,100,1.0,0.0,0.0,0.0,0.0,1.0,0.16666666666666666,31.970694661140442,0.0,31.970694661140442,0.0,0
preactjs__preact-2896,preactjs/preact,TypeScript/JavaScript,hybrid,unreranked,100,0.0,0.0,1.0,0.0,0.0,0.0,0.0,31.063835136592388,0.0,31.063835136592388,0.0,0
preactjs__preact-2927,preactjs/preact,TypeScript/JavaScript,hybrid,unreranked,100,1.0,0.0,0.0,0.0,0.0,1.0,0.1111111111111111,21.610247902572155,0.0,21.610247902572155,0.0,0
preactjs__preact-3567,preactjs/preact,TypeScript/JavaScript,hybrid,unreranked,100,1.0,0.0,0.5,0.0,0.0,0.0,0.09090909090909091,31.098083592951298,0.0,31.098083592951298,0.0,0
prometheus__prometheus-10633,prometheus/prometheus,Go,hybrid,unreranked,100,1.0,0.0,0.0,0.0,0.0,0.0,0.07692307692307693,195.73382381349802,0.0,195.73382381349802,0.0,0
prometheus__prometheus-11859,prometheus/prometheus,Go,hybrid,unreranked,100,1.0,0.0,0.0,0.0,0.0,1.0,0.1,2031.1839636415243,0.0,2031.1839636415243,0.0,0
prometheus__prometheus-14861,prometheus/prometheus,Go,hybrid,unreranked,100,1.0,0.0,0.0,0.0,0.0,0.0,0.024390243902439025,239.74862042814493,0.0,239.74862042814493,0.0,0
prometheus__prometheus-15142,prometheus/prometheus,Go,hybrid,unreranked,100,0.2,0.0,1.0,0.0,0.0,0.2,0.16666666666666666,179.31540962308645,0.0,179.31540962308645,0.0,0
pydata__xarray-2905,pydata/xarray,Python,hybrid,unreranked,100,1.0,0.0,1.0,0.0,0.0,0.0,0.01020408163265306,157.63067733496428,0.0,157.63067733496428,0.0,0
pydata__xarray-3151,pydata/xarray,Python,hybrid,unreranked,100,1.0,1.0,1.0,1.0,1.0,1.0,1.0,127.79546994715929,0.0,127.79546994715929,0.0,0
pydata__xarray-3305,pydata/xarray,Python,hybrid,unreranked,100,1.0,0.0,1.0,0.0,0.0,0.0,0.08333333333333333,98.86441193521023,0.0,98.86441193521023,0.0,0
pydata__xarray-6992,pydata/xarray,Python,hybrid,unreranked,100,0.6666666666666666,0.0,0.5,0.3333333333333333,0.0,0.3333333333333333,0.5,162.06798888742924,0.0,162.06798888742924,0.0,0
redis__redis-10068,redis/redis,C++/C,hybrid,unreranked,100,1.0,0.0,1.0,0.3333333333333333,0.0,0.3333333333333333,0.25,614.5735438913107,0.0,614.5735438913107,0.0,0
redis__redis-10095,redis/redis,C++/C,hybrid,unreranked,100,1.0,0.0,1.0,0.0,0.0,1.0,0.1111111111111111,138.7315597385168,0.0,138.7315597385168,0.0,0
redis__redis-11631,redis/redis,C++/C,hybrid,unreranked,100,0.0,0.0,0.0,0.0,0.0,0.0,0.0,815.3712088242173,0.0,815.3712088242173,0.0,0
redis__redis-11734,redis/redis,C++/C,hybrid,unreranked,100,1.0,0.5,1.0,1.0,1.0,1.0,1.0,226.41367372125387,0.0,226.41367372125387,0.0,0
redis__redis-13338,redis/redis,C++/C,hybrid,unreranked,100,0.6666666666666666,0.0,1.0,0.0,0.0,0.0,0.041666666666666664,1467.2828409820795,0.0,1467.2828409820795,0.0,0
scikit-learn__scikit-learn-10297,scikit-learn/scikit-learn,Python,hybrid,unreranked,100,1.0,0.0,1.0,0.0,0.0,0.0,0.07142857142857142,243.64196602255106,0.0,243.64196602255106,0.0,0
scikit-learn__scikit-learn-10844,scikit-learn/scikit-learn,Python,hybrid,unreranked,100,1.0,0.0,1.0,1.0,1.0,1.0,0.5,311.0905783250928,0.0,311.0905783250928,0.0,0
scikit-learn__scikit-learn-10908,scikit-learn/scikit-learn,Python,hybrid,unreranked,100,1.0,0.0,1.0,1.0,1.0,1.0,0.3333333333333333,250.35778060555458,0.0,250.35778060555458,0.0,0
scikit-learn__scikit-learn-13142,scikit-learn/scikit-learn,Python,hybrid,unreranked,100,1.0,0.0,0.0,0.0,0.0,1.0,0.1111111111111111,461.18234004825354,0.0,461.18234004825354,0.0,0
sharkdp__bat-2201,sharkdp/bat,Rust,hybrid,unreranked,100,1.0,1.0,0.5,1.0,1.0,1.0,1.0,54.681601002812386,0.0,54.681601002812386,0.0,0
sharkdp__bat-2260,sharkdp/bat,Rust,hybrid,unreranked,100,1.0,0.0,0.5,0.0,0.0,0.0,0.022222222222222223,51.846105605363846,0.0,51.846105605363846,0.0,0
sharkdp__bat-2650,sharkdp/bat,Rust,hybrid,unreranked,100,1.0,0.0,0.5,0.0,0.0,0.0,0.010309278350515464,89.49218783527613,0.0,89.49218783527613,0.0,0
sharkdp__bat-3108,sharkdp/bat,Rust,hybrid,unreranked,100,1.0,0.5,0.6666666666666666,1.0,1.0,1.0,1.0,33.72456785291433,0.0,33.72456785291433,0.0,0
sympy__sympy-11618,sympy/sympy,Python,hybrid,unreranked,100,1.0,0.0,1.0,1.0,1.0,1.0,0.5,84.41918436437845,0.0,84.41918436437845,0.0,0
sympy__sympy-12096,sympy/sympy,Python,hybrid,unreranked,100,1.0,0.0,1.0,1.0,1.0,1.0,0.25,192.71772261708975,0.0,192.71772261708975,0.0,0
sympy__sympy-12419,sympy/sympy,Python,hybrid,unreranked,100,0.5,0.0,0.0,0.0,0.0,0.0,0.010309278350515464,675.6487404927611,0.0,675.6487404927611,0.0,0
sympy__sympy-13031,sympy/sympy,Python,hybrid,unreranked,100,0.0,0.0,0.0,0.0,0.0,0.0,0.0,277.3494776338339,0.0,277.3494776338339,0.0,0
tokio-rs__tokio-4898,tokio-rs/tokio,Rust,hybrid,unreranked,100,1.0,1.0,1.0,1.0,1.0,1.0,1.0,153.63017469644547,0.0,153.63017469644547,0.0,0
tokio-rs__tokio-6551,tokio-rs/tokio,Rust,hybrid,unreranked,100,1.0,0.0,1.0,1.0,1.0,1.0,0.5,141.48656465113163,0.0,141.48656465113163,0.0,0
tokio-rs__tokio-6603,tokio-rs/tokio,Rust,hybrid,unreranked,100,0.0,0.0,0.0,0.0,0.0,0.0,0.0,241.18855223059654,0.0,241.18855223059654,0.0,0
tokio-rs__tokio-6752,tokio-rs/tokio,Rust,hybrid,unreranked,100,1.0,1.0,1.0,1.0,1.0,1.0,1.0,245.82778103649616,0.0,245.82778103649616,0.0,0
uutils__coreutils-6575,uutils/coreutils,Rust,hybrid,unreranked,100,1.0,0.2,0.5,0.6,0.0,0.8,1.0,86.57236769795418,0.0,86.57236769795418,0.0,0
uutils__coreutils-6682,uutils/coreutils,Rust,hybrid,unreranked,100,1.0,0.0,1.0,0.5,0.0,1.0,0.2,139.2231024801731,0.0,139.2231024801731,0.0,0
uutils__coreutils-6690,uutils/coreutils,Rust,hybrid,unreranked,100,1.0,0.0,1.0,1.0,1.0,1.0,0.5,68.68116091936827,0.0,68.68116091936827,0.0,0
uutils__coreutils-6731,uutils/coreutils,Rust,hybrid,unreranked,100,1.0,1.0,1.0,1.0,1.0,1.0,1.0,79.8948286101222,0.0,79.8948286101222,0.0,0
valkey-io__valkey-1842,valkey-io/valkey,C++/C,hybrid,unreranked,100,1.0,0.0,1.0,1.0,1.0,1.0,0.5,180.04003819078207,0.0,180.04003819078207,0.0,0
valkey-io__valkey-790,valkey-io/valkey,C++/C,hybrid,unreranked,100,1.0,0.0,1.0,0.0,0.0,0.0,0.029411764705882353,797.5868210196495,0.0,797.5868210196495,0.0,0
valkey-io__valkey-928,valkey-io/valkey,C++/C,hybrid,unreranked,100,1.0,0.0,0.0,0.0,0.0,0.0,0.017241379310344827,818.6595654115081,0.0,818.6595654115081,0.0,0
vuejs__core-11589,vuejs/core,TypeScript/JavaScript,hybrid,unreranked,100,0.3333333333333333,0.0,0.5,0.3333333333333333,0.0,0.3333333333333333,0.25,137.25208584219217,0.0,137.25208584219217,0.0,0
vuejs__core-11870,vuejs/core,TypeScript/JavaScript,hybrid,unreranked,100,1.0,0.0,0.0,0.0,0.0,1.0,0.14285714285714285,90.14938585460186,0.0,90.14938585460186,0.0,0
vuejs__core-11915,vuejs/core,TypeScript/JavaScript,hybrid,unreranked,100,1.0,0.0,0.0,0.0,0.0,0.0,0.017543859649122806,56.53763934969902,0.0,56.53763934969902,0.0,0
astral-sh__ruff-15309,astral-sh/ruff,Rust,bm25,Qwen/Qwen3-Reranker-4B,100,1.0,1.0,1.0,1.0,1.0,1.0,1.0,97.05169778317213,3189.4134702160954,3286.4651679992676,0,0
astral-sh__ruff-15330,astral-sh/ruff,Rust,bm25,Qwen/Qwen3-Reranker-4B,100,1.0,0.5,1.0,1.0,1.0,1.0,1.0,376.1220248416066,6498.485586605966,6874.607611447573,0,0
astral-sh__ruff-15356,astral-sh/ruff,Rust,bm25,Qwen/Qwen3-Reranker-4B,100,0.0,0.0,0.0,0.0,0.0,0.0,0.0,669.1860174760222,7871.025636792183,8540.211654268205,0,0
astral-sh__ruff-15443,astral-sh/ruff,Rust,bm25,Qwen/Qwen3-Reranker-4B,100,1.0,0.0,0.5,0.5,0.0,1.0,0.5,248.33653774112463,4518.095625564456,4766.432163305581,0,0
astropy__astropy-12907,astropy/astropy,Python,bm25,Qwen/Qwen3-Reranker-4B,100,0.0,0.0,1.0,0.0,0.0,0.0,0.0,267.5481652840972,4529.3354615569115,4796.883626841009,0,0
astropy__astropy-13033,astropy/astropy,Python,bm25,Qwen/Qwen3-Reranker-4B,100,1.0,1.0,1.0,1.0,1.0,1.0,1.0,646.2220912799239,6734.329896979034,7380.551988258958,0,0
astropy__astropy-13236,astropy/astropy,Python,bm25,Qwen/Qwen3-Reranker-4B,100,1.0,1.0,1.0,1.0,1.0,1.0,1.0,556.6371669992805,5426.841481588781,5983.478648588061,0,0
astropy__astropy-13579,astropy/astropy,Python,bm25,Qwen/Qwen3-Reranker-4B,100,1.0,1.0,1.0,1.0,1.0,1.0,1.0,1846.2864281609654,10929.311585612595,12775.59801377356,0,0
axios__axios-4731,axios/axios,TypeScript/JavaScript,bm25,Qwen/Qwen3-Reranker-4B,100,1.0,1.0,1.0,1.0,1.0,1.0,1.0,11.67560275644064,3546.867437660694,3558.5430404171348,0,0
axios__axios-4738,axios/axios,TypeScript/JavaScript,bm25,Qwen/Qwen3-Reranker-4B,100,1.0,0.0,1.0,1.0,1.0,1.0,0.5,15.89482743293047,4566.882675513625,4582.777502946556,0,0
axios__axios-5085,axios/axios,TypeScript/JavaScript,bm25,Qwen/Qwen3-Reranker-4B,100,1.0,0.0,0.5,1.0,1.0,1.0,0.3333333333333333,8.085216395556927,3534.7635596990585,3542.8487760946155,0,0
axios__axios-6539,axios/axios,TypeScript/JavaScript,bm25,Qwen/Qwen3-Reranker-4B,100,1.0,0.0,0.0,0.0,0.0,0.0,0.05263157894736842,15.311221592128277,5455.034751445055,5470.345973037183,0,0
babel__babel-13928,babel/babel,TypeScript/JavaScript,bm25,Qwen/Qwen3-Reranker-4B,100,1.0,0.0,1.0,0.0,0.0,1.0,0.16666666666666666,92.4942847341299,3943.0006900802255,4035.4949748143554,0,0
babel__babel-14532,babel/babel,TypeScript/JavaScript,bm25,Qwen/Qwen3-Reranker-4B,100,0.0,0.0,0.0,0.0,0.0,0.0,0.0,180.01391924917698,7052.0979119464755,7232.1118311956525,0,0
babel__babel-15445,babel/babel,TypeScript/JavaScript,bm25,Qwen/Qwen3-Reranker-4B,100,1.0,1.0,1.0,1.0,1.0,1.0,1.0,515.2314240112901,10786.464217118919,11301.695641130209,0,0
babel__babel-15649,babel/babel,TypeScript/JavaScript,bm25,Qwen/Qwen3-Reranker-4B,100,0.0,0.0,1.0,0.0,0.0,0.0,0.0,127.90400441735983,4642.016865313053,4769.920869730413,0,0
caddyserver__caddy-4943,caddyserver/caddy,Go,bm25,Qwen/Qwen3-Reranker-4B,100,1.0,1.0,1.0,1.0,1.0,1.0,1.0,113.51753398776054,9575.342651456594,9688.860185444355,0,0
caddyserver__caddy-5404,caddyserver/caddy,Go,bm25,Qwen/Qwen3-Reranker-4B,100,1.0,0.0,1.0,0.5,0.0,1.0,0.5,129.33858763426542,10991.244462318718,11120.583049952984,0,0
caddyserver__caddy-5761,caddyserver/caddy,Go,bm25,Qwen/Qwen3-Reranker-4B,100,1.0,1.0,1.0,1.0,1.0,1.0,1.0,13.825741596519947,3912.404782138765,3926.230523735285,0,0
caddyserver__caddy-5870,caddyserver/caddy,Go,bm25,Qwen/Qwen3-Reranker-4B,100,1.0,0.0,1.0,1.0,1.0,1.0,0.5,80.19120246171951,6058.724601753056,6138.915804214776,0,0
caddyserver__caddy-6115,caddyserver/caddy,Go,bm25,Qwen/Qwen3-Reranker-4B,100,1.0,1.0,1.0,1.0,1.0,1.0,1.0,70.63622586429119,5316.299065947533,5386.935291811824,0,0
facebook__docusaurus-10130,facebook/docusaurus,TypeScript/JavaScript,bm25,Qwen/Qwen3-Reranker-4B,100,1.0,1.0,1.0,1.0,1.0,1.0,1.0,168.85207686573267,6703.3831179142,6872.2351947799325,0,0
facebook__docusaurus-10309,facebook/docusaurus,TypeScript/JavaScript,bm25,Qwen/Qwen3-Reranker-4B,100,1.0,0.0,1.0,1.0,1.0,1.0,0.5,147.48084265738726,6797.439156100154,6944.919998757541,0,0
facebook__docusaurus-8927,facebook/docusaurus,TypeScript/JavaScript,bm25,Qwen/Qwen3-Reranker-4B,100,1.0,0.0,1.0,1.0,1.0,1.0,0.5,86.10645774751902,5407.1324756368995,5493.2389333844185,0,0
facebook__docusaurus-9897,facebook/docusaurus,TypeScript/JavaScript,bm25,Qwen/Qwen3-Reranker-4B,100,0.0,0.0,1.0,0.0,0.0,0.0,0.0,81.47623389959335,5594.0050687640905,5675.481302663684,0,0
fmtlib__fmt-2310,fmtlib/fmt,C++/C,bm25,Qwen/Qwen3-Reranker-4B,100,1.0,0.5,1.0,1.0,1.0,1.0,1.0,17.611337825655937,3553.74984908849,3571.361186914146,0,0
fmtlib__fmt-2317,fmtlib/fmt,C++/C,bm25,Qwen/Qwen3-Reranker-4B,100,0.0,0.0,1.0,0.0,0.0,0.0,0.0,16.47396944463253,3949.415356852114,3965.8893262967467,0,0
fmtlib__fmt-3248,fmtlib/fmt,C++/C,bm25,Qwen/Qwen3-Reranker-4B,100,1.0,1.0,1.0,1.0,1.0,1.0,1.0,14.42375686019659,3301.6394497826695,3316.063206642866,0,0
gin-gonic__gin-1805,gin-gonic/gin,Go,bm25,Qwen/Qwen3-Reranker-4B,100,0.0,0.0,1.0,0.0,0.0,0.0,0.0,14.112563803792,2781.8723507225513,2795.9849145263433,0,0
gin-gonic__gin-2121,gin-gonic/gin,Go,bm25,Qwen/Qwen3-Reranker-4B,100,1.0,0.0,1.0,1.0,1.0,1.0,0.5,41.450148448348045,4262.470352463424,4303.920500911772,0,0
gin-gonic__gin-2755,gin-gonic/gin,Go,bm25,Qwen/Qwen3-Reranker-4B,100,0.0,0.0,0.0,0.0,0.0,0.0,0.0,45.97465693950653,4246.685827150941,4292.660484090447,0,0
gin-gonic__gin-3741,gin-gonic/gin,Go,bm25,Qwen/Qwen3-Reranker-4B,100,1.0,1.0,1.0,1.0,1.0,1.0,1.0,13.606893830001354,2661.8412490934134,2675.4481429234147,0,0
gin-gonic__gin-3820,gin-gonic/gin,Go,bm25,Qwen/Qwen3-Reranker-4B,100,0.0,0.0,1.0,0.0,0.0,0.0,0.0,58.106365613639355,6031.389547511935,6089.495913125575,0,0
gohugoio__hugo-12171,gohugoio/hugo,Go,bm25,Qwen/Qwen3-Reranker-4B,100,0.0,0.0,0.0,0.0,0.0,0.0,0.0,541.1130860447884,6647.6416336372495,7188.754719682038,0,0
gohugoio__hugo-12343,gohugoio/hugo,Go,bm25,Qwen/Qwen3-Reranker-4B,100,0.0,0.0,0.0,0.0,0.0,0.0,0.0,136.54340151697397,4585.174441337585,4721.717842854559,0,0
gohugoio__hugo-12448,gohugoio/hugo,Go,bm25,Qwen/Qwen3-Reranker-4B,100,0.0,0.0,0.0,0.0,0.0,0.0,0.0,346.5906213968992,4956.274966709316,5302.865588106215,0,0
gohugoio__hugo-12562,gohugoio/hugo,Go,bm25,Qwen/Qwen3-Reranker-4B,100,0.0,0.0,0.0,0.0,0.0,0.0,0.0,332.39241410046816,5155.697492882609,5488.0899069830775,0,0
gohugoio__hugo-12579,gohugoio/hugo,Go,bm25,Qwen/Qwen3-Reranker-4B,100,1.0,1.0,1.0,1.0,1.0,1.0,1.0,112.7635333687067,4805.199768394232,4917.9633017629385,0,0
hashicorp__terraform-34814,hashicorp/terraform,Go,bm25,Qwen/Qwen3-Reranker-4B,100,0.0,0.0,1.0,0.0,0.0,0.0,0.0,506.05540443211794,6243.973209522665,6750.0286139547825,0,0
hashicorp__terraform-35611,hashicorp/terraform,Go,bm25,Qwen/Qwen3-Reranker-4B,100,0.0,0.0,0.0,0.0,0.0,0.0,0.0,1145.070786587894,9885.774465277791,11030.845251865685,0,0
jqlang__jq-2235,jqlang/jq,C++/C,bm25,Qwen/Qwen3-Reranker-4B,100,0.0,0.0,1.0,0.0,0.0,0.0,0.0,18.171549774706364,4483.163533732295,4501.335083507001,0,0
jqlang__jq-2598,jqlang/jq,C++/C,bm25,Qwen/Qwen3-Reranker-4B,100,0.25,0.25,0.3333333333333333,0.25,0.0,0.25,1.0,35.875651985406876,5189.617319963872,5225.492971949279,0,0
jqlang__jq-2658,jqlang/jq,C++/C,bm25,Qwen/Qwen3-Reranker-4B,100,1.0,0.0,1.0,1.0,1.0,1.0,0.3333333333333333,21.90421335399151,4542.744603939354,4564.648817293346,0,0
jqlang__jq-2728,jqlang/jq,C++/C,bm25,Qwen/Qwen3-Reranker-4B,100,1.0,1.0,1.0,1.0,1.0,1.0,1.0,24.53212719410658,4594.5732751861215,4619.105402380228,0,0
jqlang__jq-2750,jqlang/jq,C++/C,bm25,Qwen/Qwen3-Reranker-4B,100,1.0,0.25,0.5,0.75,0.0,1.0,1.0,24.897653609514236,4382.834138348699,4407.731791958213,0,0
matplotlib__matplotlib-13989,matplotlib/matplotlib,Python,bm25,Qwen/Qwen3-Reranker-4B,100,1.0,1.0,1.0,1.0,1.0,1.0,1.0,338.41904904693365,5653.986783698201,5992.405832745135,0,0
matplotlib__matplotlib-14623,matplotlib/matplotlib,Python,bm25,Qwen/Qwen3-Reranker-4B,100,0.16666666666666666,0.16666666666666666,0.6666666666666666,0.16666666666666666,0.0,0.16666666666666666,1.0,449.5539730414748,5092.08151884377,5541.635491885245,0,0
matplotlib__matplotlib-20488,matplotlib/matplotlib,Python,bm25,Qwen/Qwen3-Reranker-4B,100,1.0,0.0,1.0,1.0,1.0,1.0,0.5,714.8650418967009,5514.709891751409,6229.574933648109,0,0
matplotlib__matplotlib-20676,matplotlib/matplotlib,Python,bm25,Qwen/Qwen3-Reranker-4B,100,0.0,0.0,1.0,0.0,0.0,0.0,0.0,583.2140659913421,4757.293307222426,5340.507373213768,0,0
micropython__micropython-10095,micropython/micropython,C++/C,bm25,Qwen/Qwen3-Reranker-4B,100,0.0,0.0,0.0,0.0,0.0,0.0,0.0,320.0126914307475,4584.565268829465,4904.577960260212,0,0
micropython__micropython-13039,micropython/micropython,C++/C,bm25,Qwen/Qwen3-Reranker-4B,100,1.0,1.0,1.0,1.0,1.0,1.0,1.0,2052.8754740953445,9396.893196739256,11449.768670834601,0,0
micropython__micropython-13569,micropython/micropython,C++/C,bm25,Qwen/Qwen3-Reranker-4B,100,0.0,0.0,1.0,0.0,0.0,0.0,0.0,617.2977173700929,3235.2969646453857,3852.5946820154786,0,0
micropython__micropython-15898,micropython/micropython,C++/C,bm25,Qwen/Qwen3-Reranker-4B,100,1.0,1.0,1.0,1.0,1.0,1.0,1.0,351.0567992925644,4431.944435462356,4783.00123475492,0,0
nushell__nushell-12901,nushell/nushell,Rust,bm25,Qwen/Qwen3-Reranker-4B,100,0.0,0.0,1.0,0.0,0.0,0.0,0.0,576.8097443506122,5110.376160591841,5687.185904942453,0,0
nushell__nushell-12950,nushell/nushell,Rust,bm25,Qwen/Qwen3-Reranker-4B,100,0.0,0.0,0.0,0.0,0.0,0.0,0.0,347.9795949533582,4610.300668515265,4958.280263468623,0,0
nushell__nushell-13605,nushell/nushell,Rust,bm25,Qwen/Qwen3-Reranker-4B,100,1.0,0.5,1.0,1.0,1.0,1.0,1.0,441.82142429053783,5314.705112017691,5756.526536308229,0,0
nushell__nushell-13831,nushell/nushell,Rust,bm25,Qwen/Qwen3-Reranker-4B,100,0.5,0.16666666666666666,1.0,0.5,0.0,0.5,1.0,812.173143029213,6824.087729677558,7636.260872706771,0,0
preactjs__preact-2757,preactjs/preact,TypeScript/JavaScript,bm25,Qwen/Qwen3-Reranker-4B,100,1.0,0.0,1.0,1.0,1.0,1.0,0.3333333333333333,12.174160219728947,3407.7560482546687,3419.9302084743977,0,0
preactjs__preact-2896,preactjs/preact,TypeScript/JavaScript,bm25,Qwen/Qwen3-Reranker-4B,100,0.0,0.0,1.0,0.0,0.0,0.0,0.0,15.324524603784084,4371.244444511831,4386.568969115615,0,0
preactjs__preact-2927,preactjs/preact,TypeScript/JavaScript,bm25,Qwen/Qwen3-Reranker-4B,100,1.0,0.0,1.0,1.0,1.0,1.0,0.5,5.577312782406807,2972.652455791831,2978.229768574238,0,0
preactjs__preact-3567,preactjs/preact,TypeScript/JavaScript,bm25,Qwen/Qwen3-Reranker-4B,100,0.2,0.0,0.5,0.2,0.0,0.2,0.5,15.259060077369213,3916.054747067392,3931.313807144761,0,0
prometheus__prometheus-10633,prometheus/prometheus,Go,bm25,Qwen/Qwen3-Reranker-4B,100,1.0,1.0,0.5,1.0,1.0,1.0,1.0,178.91772370785475,7046.808963641524,7225.726687349379,0,0
prometheus__prometheus-11859,prometheus/prometheus,Go,bm25,Qwen/Qwen3-Reranker-4B,100,1.0,1.0,1.0,1.0,1.0,1.0,1.0,1816.9835060834885,79153.96884083748,80970.95234692097,0,0
prometheus__prometheus-14861,prometheus/prometheus,Go,bm25,Qwen/Qwen3-Reranker-4B,100,0.0,0.0,1.0,0.0,0.0,0.0,0.0,224.8964412137866,5858.543039299548,6083.439480513334,0,0
prometheus__prometheus-15142,prometheus/prometheus,Go,bm25,Qwen/Qwen3-Reranker-4B,100,0.0,0.0,1.0,0.0,0.0,0.0,0.0,163.49651291966438,5278.729430399835,5442.2259433194995,0,0
pydata__xarray-2905,pydata/xarray,Python,bm25,Qwen/Qwen3-Reranker-4B,100,0.0,0.0,1.0,0.0,0.0,0.0,0.0,136.09212636947632,7766.655442304909,7902.747568674386,0,0
pydata__xarray-3151,pydata/xarray,Python,bm25,Qwen/Qwen3-Reranker-4B,100,1.0,1.0,1.0,1.0,1.0,1.0,1.0,104.54829875379801,6837.803594768047,6942.351893521845,0,0
pydata__xarray-3305,pydata/xarray,Python,bm25,Qwen/Qwen3-Reranker-4B,100,1.0,0.0,1.0,1.0,1.0,1.0,0.5,78.63814011216164,6371.065334416926,6449.7034745290875,0,0
pydata__xarray-6992,pydata/xarray,Python,bm25,Qwen/Qwen3-Reranker-4B,100,0.6666666666666666,0.3333333333333333,1.0,0.3333333333333333,0.0,0.3333333333333333,1.0,139.49314504861832,5358.936416916549,5498.4295619651675,0,0
redis__redis-10068,redis/redis,C++/C,bm25,Qwen/Qwen3-Reranker-4B,100,1.0,0.3333333333333333,1.0,0.3333333333333333,0.0,0.6666666666666666,1.0,589.6358275786042,7340.372280217707,7930.008107796311,0,0
redis__redis-10095,redis/redis,C++/C,bm25,Qwen/Qwen3-Reranker-4B,100,1.0,1.0,1.0,1.0,1.0,1.0,1.0,127.84262374043465,4522.412043064833,4650.254666805267,0,0
redis__redis-11631,redis/redis,C++/C,bm25,Qwen/Qwen3-Reranker-4B,100,0.0,0.0,0.0,0.0,0.0,0.0,0.0,790.6233258545399,7387.699274346232,8178.322600200772,0,0
redis__redis-11734,redis/redis,C++/C,bm25,Qwen/Qwen3-Reranker-4B,100,1.0,0.5,1.0,1.0,1.0,1.0,1.0,204.1086908429861,4306.452097371221,4510.560788214207,0,0
redis__redis-13338,redis/redis,C++/C,bm25,Qwen/Qwen3-Reranker-4B,100,0.6666666666666666,0.0,1.0,0.3333333333333333,0.0,0.6666666666666666,0.2,1423.8906782120466,16478.834880515933,17902.72555872798,0,0
scikit-learn__scikit-learn-10297,scikit-learn/scikit-learn,Python,bm25,Qwen/Qwen3-Reranker-4B,100,1.0,1.0,1.0,1.0,1.0,1.0,1.0,223.30125607550144,4985.3509571403265,5208.652213215828,0,0
scikit-learn__scikit-learn-10844,scikit-learn/scikit-learn,Python,bm25,Qwen/Qwen3-Reranker-4B,100,1.0,1.0,1.0,1.0,1.0,1.0,1.0,289.09533098340034,5988.410365767777,6277.505696751177,0,0
scikit-learn__scikit-learn-10908,scikit-learn/scikit-learn,Python,bm25,Qwen/Qwen3-Reranker-4B,100,1.0,1.0,1.0,1.0,1.0,1.0,1.0,229.69220858067274,5430.042078718543,5659.734287299216,0,0
scikit-learn__scikit-learn-13142,scikit-learn/scikit-learn,Python,bm25,Qwen/Qwen3-Reranker-4B,100,0.0,0.0,0.0,0.0,0.0,0.0,0.0,432.54045210778713,8708.450110629201,9140.990562736988,0,0
sharkdp__bat-2201,sharkdp/bat,Rust,bm25,Qwen/Qwen3-Reranker-4B,100,1.0,0.0,0.5,1.0,1.0,1.0,0.5,28.791284188628197,5768.890478648245,5797.6817628368735,0,0
sharkdp__bat-2260,sharkdp/bat,Rust,bm25,Qwen/Qwen3-Reranker-4B,100,1.0,0.0,0.5,1.0,1.0,1.0,0.5,26.518174447119236,6192.5870683044195,6219.105242751539,0,0
sharkdp__bat-2650,sharkdp/bat,Rust,bm25,Qwen/Qwen3-Reranker-4B,100,0.0,0.0,0.5,0.0,0.0,0.0,0.0,47.27721121162176,9302.970844320953,9350.248055532575,0,0
sharkdp__bat-3108,sharkdp/bat,Rust,bm25,Qwen/Qwen3-Reranker-4B,100,1.0,0.5,0.3333333333333333,0.5,0.0,0.5,1.0,14.45488166064024,3797.9927780106664,3812.4476596713066,0,0
sympy__sympy-11618,sympy/sympy,Python,bm25,Qwen/Qwen3-Reranker-4B,100,1.0,1.0,1.0,1.0,1.0,1.0,1.0,72.44113646447659,3785.9062738716602,3858.347410336137,0,0
sympy__sympy-12096,sympy/sympy,Python,bm25,Qwen/Qwen3-Reranker-4B,100,1.0,1.0,1.0,1.0,1.0,1.0,1.0,180.17935659736395,4609.6841134130955,4789.863470010459,0,0
sympy__sympy-12419,sympy/sympy,Python,bm25,Qwen/Qwen3-Reranker-4B,100,0.0,0.0,0.0,0.0,0.0,0.0,0.0,653.0250618234277,5383.920464664698,6036.945526488125,0,0
sympy__sympy-13031,sympy/sympy,Python,bm25,Qwen/Qwen3-Reranker-4B,100,0.0,0.0,0.0,0.0,0.0,0.0,0.0,255.66059444099665,4359.487134031951,4615.147728472948,0,0
tokio-rs__tokio-4898,tokio-rs/tokio,Rust,bm25,Qwen/Qwen3-Reranker-4B,100,1.0,1.0,1.0,1.0,1.0,1.0,1.0,132.15082604438066,3649.4466038420796,3781.5974298864603,0,0
tokio-rs__tokio-6551,tokio-rs/tokio,Rust,bm25,Qwen/Qwen3-Reranker-4B,100,1.0,0.0,1.0,1.0,1.0,1.0,0.5,121.04773800820112,3325.8123006671667,3446.860038675368,0,0
tokio-rs__tokio-6603,tokio-rs/tokio,Rust,bm25,Qwen/Qwen3-Reranker-4B,100,0.0,0.0,1.0,0.0,0.0,0.0,0.0,219.88512016832829,4801.894544623792,5021.7796647921205,0,0
tokio-rs__tokio-6752,tokio-rs/tokio,Rust,bm25,Qwen/Qwen3-Reranker-4B,100,1.0,0.0,1.0,1.0,1.0,1.0,0.5,224.89014361053705,4384.31161083281,4609.201754443347,0,0
uutils__coreutils-6575,uutils/coreutils,Rust,bm25,Qwen/Qwen3-Reranker-4B,100,1.0,0.0,1.0,0.6,0.0,0.6,0.5,61.52461003512144,3622.8203484788537,3684.344958513975,0,0
uutils__coreutils-6682,uutils/coreutils,Rust,bm25,Qwen/Qwen3-Reranker-4B,100,1.0,0.5,1.0,1.0,1.0,1.0,1.0,119.26469393074512,4711.942479014397,4831.207172945142,0,0
uutils__coreutils-6690,uutils/coreutils,Rust,bm25,Qwen/Qwen3-Reranker-4B,100,1.0,1.0,1.0,1.0,1.0,1.0,1.0,50.070472061634064,3336.0343957319856,3386.1048677936196,0,0
uutils__coreutils-6731,uutils/coreutils,Rust,bm25,Qwen/Qwen3-Reranker-4B,100,1.0,1.0,1.0,1.0,1.0,1.0,1.0,61.32891681045294,3378.9065461605787,3440.2354629710317,0,0
valkey-io__valkey-1842,valkey-io/valkey,C++/C,bm25,Qwen/Qwen3-Reranker-4B,100,1.0,0.0,1.0,1.0,1.0,1.0,0.25,166.9632624834776,4830.577851273119,4997.541113756597,0,0
valkey-io__valkey-790,valkey-io/valkey,C++/C,bm25,Qwen/Qwen3-Reranker-4B,100,0.0,0.0,1.0,0.0,0.0,0.0,0.0,767.7344903349876,11969.204674474895,12736.939164809883,0,0
valkey-io__valkey-928,valkey-io/valkey,C++/C,bm25,Qwen/Qwen3-Reranker-4B,100,1.0,0.0,1.0,1.0,1.0,1.0,0.5,637.0415417477489,13760.653325356543,14397.694867104292,0,0
vuejs__core-11589,vuejs/core,TypeScript/JavaScript,bm25,Qwen/Qwen3-Reranker-4B,100,0.3333333333333333,0.3333333333333333,1.0,0.3333333333333333,0.0,0.3333333333333333,1.0,111.951126717031,8260.608773678541,8372.559900395572,0,0
vuejs__core-11870,vuejs/core,TypeScript/JavaScript,bm25,Qwen/Qwen3-Reranker-4B,100,1.0,1.0,1.0,1.0,1.0,1.0,1.0,69.0459767356515,7045.33201828599,7114.377995021641,0,0
vuejs__core-11915,vuejs/core,TypeScript/JavaScript,bm25,Qwen/Qwen3-Reranker-4B,100,1.0,1.0,1.0,1.0,1.0,1.0,1.0,39.00813963264227,3889.6324494853616,3928.640589118004,0,0
astral-sh__ruff-15309,astral-sh/ruff,Rust,bm25,typesafe/jev-1.13,100,1.0,0.0,1.0,1.0,1.0,1.0,0.5,97.05169778317213,3122.0366545021534,3219.0883522853255,0.0027620879999999998,0
astral-sh__ruff-15330,astral-sh/ruff,Rust,bm25,typesafe/jev-1.13,100,1.0,0.5,1.0,0.5,0.0,1.0,1.0,376.1220248416066,3264.370364136994,3640.4923889786005,0.002963268,0
astral-sh__ruff-15356,astral-sh/ruff,Rust,bm25,typesafe/jev-1.13,100,0.0,0.0,0.0,0.0,0.0,0.0,0.0,669.1860174760222,2913.8105157762766,3582.996533252299,0.002865408,0
astral-sh__ruff-15443,astral-sh/ruff,Rust,bm25,typesafe/jev-1.13,100,1.0,0.5,1.0,1.0,1.0,1.0,1.0,248.33653774112463,2852.135500870645,3100.4720386117697,0.0021857219999999998,0
astropy__astropy-12907,astropy/astropy,Python,bm25,typesafe/jev-1.13,100,0.0,0.0,1.0,0.0,0.0,0.0,0.0,267.5481652840972,2959.9220529198647,3227.470218203962,0.0027771239999999997,0
astropy__astropy-13033,astropy/astropy,Python,bm25,typesafe/jev-1.13,100,1.0,1.0,1.0,1.0,1.0,1.0,1.0,646.2220912799239,3207.906764931977,3854.1288562119007,0.0035739060000000004,0
astropy__astropy-13236,astropy/astropy,Python,bm25,typesafe/jev-1.13,100,1.0,1.0,1.0,1.0,1.0,1.0,1.0,556.6371669992805,3033.9635480195284,3590.600715018809,0.0033785640000000006,0
astropy__astropy-13579,astropy/astropy,Python,bm25,typesafe/jev-1.13,100,1.0,1.0,1.0,1.0,1.0,1.0,1.0,1846.2864281609654,3306.7287988960743,5153.01522705704,0.0032164439999999997,0
axios__axios-4731,axios/axios,TypeScript/JavaScript,bm25,typesafe/jev-1.13,100,1.0,1.0,1.0,1.0,1.0,1.0,1.0,11.67560275644064,2708.5915002971888,2720.2671030536294,0.001741908,0
axios__axios-4738,axios/axios,TypeScript/JavaScript,bm25,typesafe/jev-1.13,100,1.0,1.0,1.0,1.0,1.0,1.0,1.0,15.89482743293047,2673.5430797562003,2689.437907189131,0.0018343500000000002,0
axios__axios-5085,axios/axios,TypeScript/JavaScript,bm25,typesafe/jev-1.13,100,1.0,1.0,0.5,1.0,1.0,1.0,1.0,8.085216395556927,2881.131688132882,2889.216904528439,0.00181251,0
axios__axios-6539,axios/axios,TypeScript/JavaScript,bm25,typesafe/jev-1.13,100,1.0,0.0,1.0,1.0,1.0,1.0,0.3333333333333333,15.311221592128277,3022.0593018457294,3037.3705234378576,0.0018576600000000001,0
babel__babel-13928,babel/babel,TypeScript/JavaScript,bm25,typesafe/jev-1.13,100,1.0,0.0,1.0,1.0,1.0,1.0,0.5,92.4942847341299,2679.084681905806,2771.578966639936,0.0026491500000000003,0
babel__babel-14532,babel/babel,TypeScript/JavaScript,bm25,typesafe/jev-1.13,100,0.0,0.0,0.0,0.0,0.0,0.0,0.0,180.01391924917698,3159.8054952919483,3339.8194145411253,0.002826936,0
babel__babel-15445,babel/babel,TypeScript/JavaScript,bm25,typesafe/jev-1.13,100,1.0,1.0,1.0,1.0,1.0,1.0,1.0,515.2314240112901,2786.351746879518,3301.583170890808,0.0028940940000000003,0
babel__babel-15649,babel/babel,TypeScript/JavaScript,bm25,typesafe/jev-1.13,100,0.0,0.0,1.0,0.0,0.0,0.0,0.0,127.90400441735983,2810.6317343190312,2938.535738736391,0.002913288,0
caddyserver__caddy-4943,caddyserver/caddy,Go,bm25,typesafe/jev-1.13,100,1.0,1.0,1.0,1.0,1.0,1.0,1.0,113.51753398776054,3118.3539433404803,3231.871477328241,0.00386988,0
caddyserver__caddy-5404,caddyserver/caddy,Go,bm25,typesafe/jev-1.13,100,1.0,0.5,1.0,0.5,0.0,1.0,1.0,129.33858763426542,3579.6586386859417,3708.997226320207,0.00295722,0
caddyserver__caddy-5761,caddyserver/caddy,Go,bm25,typesafe/jev-1.13,100,1.0,1.0,1.0,1.0,1.0,1.0,1.0,13.825741596519947,3250.211561098695,3264.0373026952147,0.0029463,0
caddyserver__caddy-5870,caddyserver/caddy,Go,bm25,typesafe/jev-1.13,100,1.0,0.0,0.0,0.0,0.0,0.0,0.01639344262295082,80.19120246171951,1120.987213216722,1201.1784156784415,0.0,10
caddyserver__caddy-6115,caddyserver/caddy,Go,bm25,typesafe/jev-1.13,100,1.0,1.0,1.0,1.0,1.0,1.0,1.0,70.63622586429119,2943.0936807766557,3013.729906640947,0.003886596,0
facebook__docusaurus-10130,facebook/docusaurus,TypeScript/JavaScript,bm25,typesafe/jev-1.13,100,1.0,1.0,1.0,1.0,1.0,1.0,1.0,168.85207686573267,2952.7825620025396,3121.6346388682723,0.0034924260000000003,0
facebook__docusaurus-10309,facebook/docusaurus,TypeScript/JavaScript,bm25,typesafe/jev-1.13,100,1.0,1.0,1.0,1.0,1.0,1.0,1.0,147.48084265738726,3243.537082336843,3391.0179249942303,0.0030383639999999996,0
facebook__docusaurus-8927,facebook/docusaurus,TypeScript/JavaScript,bm25,typesafe/jev-1.13,100,1.0,0.0,1.0,0.0,0.0,1.0,0.16666666666666666,86.10645774751902,3119.324702769518,3205.431160517037,0.003233328,0
facebook__docusaurus-9897,facebook/docusaurus,TypeScript/JavaScript,bm25,typesafe/jev-1.13,100,0.0,0.0,0.0,0.0,0.0,0.0,0.0,81.47623389959335,4045.4884320497513,4126.964665949345,0.00337512,0
fmtlib__fmt-2310,fmtlib/fmt,C++/C,bm25,typesafe/jev-1.13,100,1.0,0.0,1.0,0.5,0.0,1.0,0.5,17.611337825655937,2664.5480412989855,2682.1593791246414,0.0019967640000000003,0
fmtlib__fmt-2317,fmtlib/fmt,C++/C,bm25,typesafe/jev-1.13,100,0.0,0.0,1.0,0.0,0.0,0.0,0.0,16.47396944463253,2589.787295088172,2606.2612645328045,0.00206262,0
fmtlib__fmt-3248,fmtlib/fmt,C++/C,bm25,typesafe/jev-1.13,100,1.0,1.0,1.0,1.0,1.0,1.0,1.0,14.42375686019659,2845.588581636548,2860.0123384967446,0.001997814,0
gin-gonic__gin-1805,gin-gonic/gin,Go,bm25,typesafe/jev-1.13,100,0.0,0.0,1.0,0.0,0.0,0.0,0.0,14.112563803792,2780.6537291035056,2794.7662929072976,0.00183015,0
gin-gonic__gin-2121,gin-gonic/gin,Go,bm25,typesafe/jev-1.13,100,1.0,1.0,1.0,1.0,1.0,1.0,1.0,41.450148448348045,2616.091418080032,2657.54156652838,0.0017753399999999998,0
gin-gonic__gin-2755,gin-gonic/gin,Go,bm25,typesafe/jev-1.13,100,0.0,0.0,0.0,0.0,0.0,0.0,0.0,45.97465693950653,2655.9856086969376,2701.960265636444,0.0016843679999999999,0
gin-gonic__gin-3741,gin-gonic/gin,Go,bm25,typesafe/jev-1.13,100,1.0,1.0,1.0,1.0,1.0,1.0,1.0,13.606893830001354,2600.0382555648685,2613.64514939487,0.001894662,0
gin-gonic__gin-3820,gin-gonic/gin,Go,bm25,typesafe/jev-1.13,100,0.0,0.0,1.0,0.0,0.0,0.0,0.0,58.106365613639355,2877.5955410674214,2935.701906681061,0.002160312,0
gohugoio__hugo-12171,gohugoio/hugo,Go,bm25,typesafe/jev-1.13,100,0.0,0.0,0.0,0.0,0.0,0.0,0.0,541.1130860447884,2764.0811493620276,3305.194235406816,0.0030634799999999995,0
gohugoio__hugo-12343,gohugoio/hugo,Go,bm25,typesafe/jev-1.13,100,0.0,0.0,0.0,0.0,0.0,0.0,0.0,136.54340151697397,3050.790887326002,3187.334288842976,0.003036768,0
gohugoio__hugo-12448,gohugoio/hugo,Go,bm25,typesafe/jev-1.13,100,0.0,0.0,0.0,0.0,0.0,0.0,0.0,346.5906213968992,2922.3505472764373,3268.9411686733365,0.002508786,0
gohugoio__hugo-12562,gohugoio/hugo,Go,bm25,typesafe/jev-1.13,100,0.0,0.0,0.0,0.0,0.0,0.0,0.0,332.39241410046816,3104.5175632461905,3436.9099773466587,0.0027614580000000005,0
gohugoio__hugo-12579,gohugoio/hugo,Go,bm25,typesafe/jev-1.13,100,1.0,1.0,1.0,1.0,1.0,1.0,1.0,112.7635333687067,2995.067087933421,3107.830621302128,0.002933616,0
hashicorp__terraform-34814,hashicorp/terraform,Go,bm25,typesafe/jev-1.13,100,0.0,0.0,1.0,0.0,0.0,0.0,0.0,506.05540443211794,2639.2834782600403,3145.338882692158,0.002862384,1
hashicorp__terraform-35611,hashicorp/terraform,Go,bm25,typesafe/jev-1.13,100,0.0,0.0,0.0,0.0,0.0,0.0,0.0,1145.070786587894,3064.146436750889,4209.217223338783,0.0039052020000000004,0
jqlang__jq-2235,jqlang/jq,C++/C,bm25,typesafe/jev-1.13,100,0.0,0.0,1.0,0.0,0.0,0.0,0.0,18.171549774706364,3091.1327013745904,3109.3042511492968,0.003278688,0
jqlang__jq-2598,jqlang/jq,C++/C,bm25,typesafe/jev-1.13,100,0.25,0.25,0.3333333333333333,0.25,0.0,0.25,1.0,35.875651985406876,3100.5868148058653,3136.462466791272,0.0031543260000000003,0
jqlang__jq-2658,jqlang/jq,C++/C,bm25,typesafe/jev-1.13,100,1.0,0.0,1.0,1.0,1.0,1.0,0.5,21.90421335399151,2908.200891688466,2930.1051050424576,0.002660994,0
jqlang__jq-2728,jqlang/jq,C++/C,bm25,typesafe/jev-1.13,100,1.0,1.0,1.0,1.0,1.0,1.0,1.0,24.53212719410658,2995.230180211365,3019.762307405472,0.0032902800000000005,0
jqlang__jq-2750,jqlang/jq,C++/C,bm25,typesafe/jev-1.13,100,1.0,0.25,0.5,1.0,1.0,1.0,1.0,24.897653609514236,2714.359204284847,2739.256857894361,0.00241458,0
matplotlib__matplotlib-13989,matplotlib/matplotlib,Python,bm25,typesafe/jev-1.13,100,1.0,1.0,1.0,1.0,1.0,1.0,1.0,338.41904904693365,3158.598553389311,3497.0176024362445,0.003625061999999999,0
matplotlib__matplotlib-14623,matplotlib/matplotlib,Python,bm25,typesafe/jev-1.13,100,0.16666666666666666,0.16666666666666666,0.6666666666666666,0.16666666666666666,0.0,0.16666666666666666,1.0,449.5539730414748,2964.8451460525393,3414.399119094014,0.0031114440000000005,0
matplotlib__matplotlib-20488,matplotlib/matplotlib,Python,bm25,typesafe/jev-1.13,100,1.0,0.0,1.0,1.0,1.0,1.0,0.5,714.8650418967009,2829.7714730724692,3544.63651496917,0.0024693479999999997,0
matplotlib__matplotlib-20676,matplotlib/matplotlib,Python,bm25,typesafe/jev-1.13,100,0.0,0.0,1.0,0.0,0.0,0.0,0.0,583.2140659913421,3201.1876134201884,3784.4016794115305,0.0029985059999999997,0
micropython__micropython-10095,micropython/micropython,C++/C,bm25,typesafe/jev-1.13,100,0.0,0.0,0.0,0.0,0.0,0.0,0.0,320.0126914307475,3346.803897060454,3666.8165884912014,0.0028569240000000003,0
micropython__micropython-13039,micropython/micropython,C++/C,bm25,typesafe/jev-1.13,100,1.0,1.0,1.0,1.0,1.0,1.0,1.0,2052.8754740953445,3398.855272680521,5451.730746775866,0.0026805239999999997,0
micropython__micropython-13569,micropython/micropython,C++/C,bm25,typesafe/jev-1.13,100,0.0,0.0,1.0,0.0,0.0,0.0,0.0,617.2977173700929,3336.1753011122346,3953.4730184823275,0.0021675780000000003,0
micropython__micropython-15898,micropython/micropython,C++/C,bm25,typesafe/jev-1.13,100,1.0,1.0,1.0,1.0,1.0,1.0,1.0,351.0567992925644,2852.5010934099555,3203.55789270252,0.002978808,0
nushell__nushell-12901,nushell/nushell,Rust,bm25,typesafe/jev-1.13,100,0.0,0.0,1.0,0.0,0.0,0.0,0.0,576.8097443506122,2788.7149481102824,3365.5246924608946,0.00286083,0
nushell__nushell-12950,nushell/nushell,Rust,bm25,typesafe/jev-1.13,100,0.0,0.0,0.0,0.0,0.0,0.0,0.0,347.9795949533582,3371.5723725035787,3719.551967456937,0.0024333540000000004,0
nushell__nushell-13605,nushell/nushell,Rust,bm25,typesafe/jev-1.13,100,1.0,0.5,1.0,1.0,1.0,1.0,1.0,441.82142429053783,3197.0055159181356,3638.8269402086735,0.00296583,0
nushell__nushell-13831,nushell/nushell,Rust,bm25,typesafe/jev-1.13,100,0.5,0.16666666666666666,1.0,0.5,0.0,0.5,1.0,812.173143029213,3377.172626554966,4189.345769584179,0.003119424,0
preactjs__preact-2757,preactjs/preact,TypeScript/JavaScript,bm25,typesafe/jev-1.13,100,1.0,0.0,1.0,1.0,1.0,1.0,0.3333333333333333,12.174160219728947,3118.8663570210338,3131.0405172407627,0.00198051,0
preactjs__preact-2896,preactjs/preact,TypeScript/JavaScript,bm25,typesafe/jev-1.13,100,0.0,0.0,1.0,0.0,0.0,0.0,0.0,15.324524603784084,2715.1874974370003,2730.5120220407844,0.00222894,0
preactjs__preact-2927,preactjs/preact,TypeScript/JavaScript,bm25,typesafe/jev-1.13,100,1.0,1.0,1.0,1.0,1.0,1.0,1.0,5.577312782406807,3149.413999170065,3154.9913119524717,0.002075598,0
preactjs__preact-3567,preactjs/preact,TypeScript/JavaScript,bm25,typesafe/jev-1.13,100,0.2,0.0,0.5,0.2,0.0,0.2,0.3333333333333333,15.259060077369213,2877.3478977382183,2892.6069578155875,0.002267832,0
prometheus__prometheus-10633,prometheus/prometheus,Go,bm25,typesafe/jev-1.13,100,1.0,1.0,0.5,1.0,1.0,1.0,1.0,178.91772370785475,3566.7854407802224,3745.703164488077,0.004008228,0
prometheus__prometheus-11859,prometheus/prometheus,Go,bm25,typesafe/jev-1.13,100,1.0,1.0,1.0,1.0,1.0,1.0,1.0,1816.9835060834885,3531.642744317651,5348.626250401139,0.0064637159999999996,0
prometheus__prometheus-14861,prometheus/prometheus,Go,bm25,typesafe/jev-1.13,100,0.0,0.0,1.0,0.0,0.0,0.0,0.0,224.8964412137866,2998.2473608106375,3223.143802024424,0.003146934,0
prometheus__prometheus-15142,prometheus/prometheus,Go,bm25,typesafe/jev-1.13,100,0.0,0.0,1.0,0.0,0.0,0.0,0.0,163.49651291966438,2848.5946748405695,3012.091187760234,0.0027285720000000003,1
pydata__xarray-2905,pydata/xarray,Python,bm25,typesafe/jev-1.13,100,0.0,0.0,1.0,0.0,0.0,0.0,0.0,136.09212636947632,3112.5687416642904,3248.6608680337667,0.0040629540000000006,0
pydata__xarray-3151,pydata/xarray,Python,bm25,typesafe/jev-1.13,100,1.0,1.0,1.0,1.0,1.0,1.0,1.0,104.54829875379801,3247.047974728048,3351.596273481846,0.0035755859999999995,0
pydata__xarray-3305,pydata/xarray,Python,bm25,typesafe/jev-1.13,100,1.0,0.5,1.0,1.0,1.0,1.0,1.0,78.63814011216164,3098.0188911780715,3176.657031290233,0.0033815039999999996,0
pydata__xarray-6992,pydata/xarray,Python,bm25,typesafe/jev-1.13,100,0.6666666666666666,0.3333333333333333,1.0,0.6666666666666666,0.0,0.6666666666666666,1.0,139.49314504861832,3193.573769181967,3333.066914230585,0.0034786080000000002,0
redis__redis-10068,redis/redis,C++/C,bm25,typesafe/jev-1.13,100,1.0,0.3333333333333333,1.0,0.6666666666666666,0.0,1.0,1.0,589.6358275786042,4476.669275201857,5066.305102780461,0.003938676,0
redis__redis-10095,redis/redis,C++/C,bm25,typesafe/jev-1.13,100,1.0,1.0,1.0,1.0,1.0,1.0,1.0,127.84262374043465,3031.9671481847763,3159.809771925211,0.0033701639999999993,0
redis__redis-11631,redis/redis,C++/C,bm25,typesafe/jev-1.13,100,0.0,0.0,1.0,0.0,0.0,0.0,0.0,790.6233258545399,3060.8633970841765,3851.4867229387164,0.0037472820000000002,0
redis__redis-11734,redis/redis,C++/C,bm25,typesafe/jev-1.13,100,1.0,0.5,1.0,1.0,1.0,1.0,1.0,204.1086908429861,3188.08017577976,3392.188866622746,0.0034573979999999995,0
redis__redis-13338,redis/redis,C++/C,bm25,typesafe/jev-1.13,100,0.6666666666666666,0.0,1.0,0.6666666666666666,0.0,0.6666666666666666,0.5,1423.8906782120466,3399.404031224549,4823.294709436595,0.004605888,0
scikit-learn__scikit-learn-10297,scikit-learn/scikit-learn,Python,bm25,typesafe/jev-1.13,100,1.0,1.0,1.0,1.0,1.0,1.0,1.0,223.30125607550144,2985.750158317387,3209.0514143928885,0.0030867900000000003,0
scikit-learn__scikit-learn-10844,scikit-learn/scikit-learn,Python,bm25,typesafe/jev-1.13,100,1.0,1.0,1.0,1.0,1.0,1.0,1.0,289.09533098340034,3224.3970716372132,3513.4924026206136,0.0033602939999999998,0
scikit-learn__scikit-learn-10908,scikit-learn/scikit-learn,Python,bm25,typesafe/jev-1.13,100,1.0,1.0,1.0,1.0,1.0,1.0,1.0,229.69220858067274,3461.1562974750996,3690.8485060557723,0.003075072,0
scikit-learn__scikit-learn-13142,scikit-learn/scikit-learn,Python,bm25,typesafe/jev-1.13,100,0.0,0.0,0.0,0.0,0.0,0.0,0.0,432.54045210778713,2724.0997534245253,3156.6402055323124,0.003577308,0
sharkdp__bat-2201,sharkdp/bat,Rust,bm25,typesafe/jev-1.13,100,1.0,0.0,0.5,1.0,1.0,1.0,0.5,28.791284188628197,3762.7595923841,3791.550876572728,0.0022296539999999998,0
sharkdp__bat-2260,sharkdp/bat,Rust,bm25,typesafe/jev-1.13,100,1.0,0.0,0.5,1.0,1.0,1.0,0.25,26.518174447119236,2780.5996779352427,2807.117852382362,0.0022911,0
sharkdp__bat-2650,sharkdp/bat,Rust,bm25,typesafe/jev-1.13,100,0.0,0.0,0.5,0.0,0.0,0.0,0.0,47.27721121162176,2724.8966805636883,2772.17389177531,0.002665656,0
sharkdp__bat-3108,sharkdp/bat,Rust,bm25,typesafe/jev-1.13,100,1.0,0.5,0.6666666666666666,1.0,1.0,1.0,1.0,14.45488166064024,2772.811762057245,2787.266643717885,0.002054682,0
sympy__sympy-11618,sympy/sympy,Python,bm25,typesafe/jev-1.13,100,1.0,1.0,1.0,1.0,1.0,1.0,1.0,72.44113646447659,2963.8016559183598,3036.2427923828363,0.002671872,0
sympy__sympy-12096,sympy/sympy,Python,bm25,typesafe/jev-1.13,100,1.0,1.0,1.0,1.0,1.0,1.0,1.0,180.17935659736395,2987.93797660619,3168.117333203554,0.0030875039999999996,0
sympy__sympy-12419,sympy/sympy,Python,bm25,typesafe/jev-1.13,100,0.0,0.0,0.0,0.0,0.0,0.0,0.0,653.0250618234277,3908.697963692248,4561.7230255156755,0.0033418140000000002,0
sympy__sympy-13031,sympy/sympy,Python,bm25,typesafe/jev-1.13,100,0.0,0.0,1.0,0.0,0.0,0.0,0.0,255.66059444099665,2913.7608790770173,3169.421473518014,0.00238413,0
tokio-rs__tokio-4898,tokio-rs/tokio,Rust,bm25,typesafe/jev-1.13,100,1.0,1.0,1.0,1.0,1.0,1.0,1.0,132.15082604438066,3109.894460067153,3242.0452861115336,0.0023241959999999997,0
tokio-rs__tokio-6551,tokio-rs/tokio,Rust,bm25,typesafe/jev-1.13,100,1.0,0.5,1.0,1.0,1.0,1.0,1.0,121.04773800820112,2569.7970036417246,2690.8447416499257,0.0017253179999999998,0
tokio-rs__tokio-6603,tokio-rs/tokio,Rust,bm25,typesafe/jev-1.13,100,0.0,0.0,1.0,0.0,0.0,0.0,0.0,219.88512016832829,2846.925077959895,3066.8101981282234,0.00253638,0
tokio-rs__tokio-6752,tokio-rs/tokio,Rust,bm25,typesafe/jev-1.13,100,1.0,1.0,1.0,1.0,1.0,1.0,1.0,224.89014361053705,3092.3473639413714,3317.2375075519085,0.0021942059999999998,0
uutils__coreutils-6575,uutils/coreutils,Rust,bm25,typesafe/jev-1.13,100,1.0,0.0,1.0,0.4,0.0,0.6,0.5,61.52461003512144,3149.124969728291,3210.6495797634125,0.002784138,0
uutils__coreutils-6682,uutils/coreutils,Rust,bm25,typesafe/jev-1.13,100,1.0,0.5,1.0,1.0,1.0,1.0,1.0,119.26469393074512,3032.0283798500896,3151.2930737808347,0.002809926,0
uutils__coreutils-6690,uutils/coreutils,Rust,bm25,typesafe/jev-1.13,100,1.0,1.0,1.0,1.0,1.0,1.0,1.0,50.070472061634064,2969.3263256922364,3019.3967977538705,0.0025506599999999997,1
uutils__coreutils-6731,uutils/coreutils,Rust,bm25,typesafe/jev-1.13,100,1.0,1.0,1.0,1.0,1.0,1.0,1.0,61.32891681045294,2651.0095335543156,2712.3384503647685,0.002164932,1
valkey-io__valkey-1842,valkey-io/valkey,C++/C,bm25,typesafe/jev-1.13,100,1.0,1.0,1.0,1.0,1.0,1.0,1.0,166.9632624834776,3581.103558652103,3748.0668211355805,0.003667356,0
valkey-io__valkey-790,valkey-io/valkey,C++/C,bm25,typesafe/jev-1.13,100,0.0,0.0,1.0,0.0,0.0,0.0,0.0,767.7344903349876,2817.0075668022037,3584.7420571371913,0.0041231819999999995,0
valkey-io__valkey-928,valkey-io/valkey,C++/C,bm25,typesafe/jev-1.13,100,1.0,1.0,1.0,1.0,1.0,1.0,1.0,637.0415417477489,3259.879659861326,3896.921201609075,0.0042882,0
vuejs__core-11589,vuejs/core,TypeScript/JavaScript,bm25,typesafe/jev-1.13,100,0.3333333333333333,0.3333333333333333,1.0,0.3333333333333333,0.0,0.3333333333333333,1.0,111.951126717031,2803.8018690422177,2915.7529957592487,0.0037602599999999996,0
vuejs__core-11870,vuejs/core,TypeScript/JavaScript,bm25,typesafe/jev-1.13,100,1.0,1.0,1.0,1.0,1.0,1.0,1.0,69.0459767356515,2986.3505829125643,3055.3965596482158,0.0036323280000000006,0
vuejs__core-11915,vuejs/core,TypeScript/JavaScript,bm25,typesafe/jev-1.13,100,1.0,1.0,1.0,1.0,1.0,1.0,1.0,39.00813963264227,3067.137651145458,3106.1457907781005,0.003227658,0
astral-sh__ruff-15309,astral-sh/ruff,Rust,grep,Qwen/Qwen3-Reranker-4B,22,1.0,1.0,1.0,1.0,1.0,1.0,1.0,3646.467909216881,801.3356802985072,4447.803589515388,0,0
astral-sh__ruff-15330,astral-sh/ruff,Rust,grep,Qwen/Qwen3-Reranker-4B,4,0.0,0.0,1.0,0.0,0.0,0.0,0.0,4443.399637006223,178.66747546941042,4622.067112475634,0,0
astral-sh__ruff-15356,astral-sh/ruff,Rust,grep,Qwen/Qwen3-Reranker-4B,3,1.0,1.0,1.0,1.0,1.0,1.0,1.0,4414.02102727443,142.84861274063587,4556.869640015066,0,0
astral-sh__ruff-15443,astral-sh/ruff,Rust,grep,Qwen/Qwen3-Reranker-4B,2,1.0,0.5,1.0,1.0,1.0,1.0,1.0,5319.161555729806,114.40138146281242,5433.562937192619,0,0
astropy__astropy-12907,astropy/astropy,Python,grep,Qwen/Qwen3-Reranker-4B,5,1.0,0.0,1.0,1.0,1.0,1.0,0.2,3330.000746063888,164.47982750833035,3494.4805735722184,0,0
astropy__astropy-13033,astropy/astropy,Python,grep,Qwen/Qwen3-Reranker-4B,9,1.0,1.0,1.0,1.0,1.0,1.0,1.0,3873.5237112268806,549.872581847012,4423.396293073893,0,0
astropy__astropy-13236,astropy/astropy,Python,grep,Qwen/Qwen3-Reranker-4B,3,1.0,1.0,1.0,1.0,1.0,1.0,1.0,3917.9469626396894,155.86212929338217,4073.8090919330716,0,0
astropy__astropy-13579,astropy/astropy,Python,grep,Qwen/Qwen3-Reranker-4B,8,1.0,1.0,1.0,1.0,1.0,1.0,1.0,4248.600833117962,729.8090578988194,4978.409891016781,0,0
axios__axios-4731,axios/axios,TypeScript/JavaScript,grep,Qwen/Qwen3-Reranker-4B,6,1.0,1.0,1.0,1.0,1.0,1.0,1.0,2433.522463776171,297.7269385010004,2731.2494022771716,0,0
axios__axios-4738,axios/axios,TypeScript/JavaScript,grep,Qwen/Qwen3-Reranker-4B,4,1.0,0.0,1.0,1.0,1.0,1.0,0.5,3344.47739738971,232.02061466872692,3576.498012058437,0,0
axios__axios-5085,axios/axios,TypeScript/JavaScript,grep,Qwen/Qwen3-Reranker-4B,5,1.0,0.0,0.5,1.0,1.0,1.0,0.5,3354.2047515511513,240.3757320716977,3594.580483622849,0,0
axios__axios-6539,axios/axios,TypeScript/JavaScript,grep,Qwen/Qwen3-Reranker-4B,5,1.0,0.0,1.0,1.0,1.0,1.0,0.25,9969.430964440107,219.96928844600916,10189.400252886117,0,0
babel__babel-13928,babel/babel,TypeScript/JavaScript,grep,Qwen/Qwen3-Reranker-4B,0,0.0,0.0,0.0,0.0,0.0,0.0,0.0,6010.614954866469,0.04279147833585739,6010.657746344805,0,0
babel__babel-14532,babel/babel,TypeScript/JavaScript,grep,Qwen/Qwen3-Reranker-4B,5,1.0,1.0,1.0,1.0,1.0,1.0,1.0,4578.336311504245,257.1836542338133,4835.519965738058,0,0
babel__babel-15445,babel/babel,TypeScript/JavaScript,grep,Qwen/Qwen3-Reranker-4B,4,1.0,1.0,1.0,1.0,1.0,1.0,1.0,4392.383084632456,394.1135695204139,4786.49665415287,0,0
babel__babel-15649,babel/babel,TypeScript/JavaScript,grep,Qwen/Qwen3-Reranker-4B,7,1.0,0.0,1.0,1.0,1.0,1.0,0.3333333333333333,3995.259708724916,295.703356154263,4290.963064879179,0,0
caddyserver__caddy-4943,caddyserver/caddy,Go,grep,Qwen/Qwen3-Reranker-4B,18,1.0,1.0,1.0,1.0,1.0,1.0,1.0,3739.5824529230595,1226.382490247488,4965.9649431705475,0,0
caddyserver__caddy-5404,caddyserver/caddy,Go,grep,Qwen/Qwen3-Reranker-4B,4,0.5,0.0,1.0,0.5,0.0,0.5,0.5,3592.6224067807198,471.2761100381613,4063.898516818881,0,0
caddyserver__caddy-5761,caddyserver/caddy,Go,grep,Qwen/Qwen3-Reranker-4B,9,1.0,1.0,1.0,1.0,1.0,1.0,1.0,4176.884850487113,405.4362429305911,4582.321093417704,0,0
caddyserver__caddy-5870,caddyserver/caddy,Go,grep,Qwen/Qwen3-Reranker-4B,6,0.0,0.0,1.0,0.0,0.0,0.0,0.0,3819.8339976370335,398.4551979228854,4218.289195559919,0,0
caddyserver__caddy-6115,caddyserver/caddy,Go,grep,Qwen/Qwen3-Reranker-4B,5,1.0,1.0,1.0,1.0,1.0,1.0,1.0,4369.132555089891,265.645707026124,4634.778262116015,0,0
facebook__docusaurus-10130,facebook/docusaurus,TypeScript/JavaScript,grep,Qwen/Qwen3-Reranker-4B,27,1.0,1.0,1.0,1.0,1.0,1.0,1.0,5047.146564349532,1621.6005617752671,6668.747126124799,0,0
facebook__docusaurus-10309,facebook/docusaurus,TypeScript/JavaScript,grep,Qwen/Qwen3-Reranker-4B,28,1.0,0.0,1.0,1.0,1.0,1.0,0.3333333333333333,5631.16726372391,1528.9988247677684,7160.166088491678,0,0
facebook__docusaurus-8927,facebook/docusaurus,TypeScript/JavaScript,grep,Qwen/Qwen3-Reranker-4B,11,0.0,0.0,0.0,0.0,0.0,0.0,0.0,6293.730866163969,523.344543762505,6817.075409926474,0,0
facebook__docusaurus-9897,facebook/docusaurus,TypeScript/JavaScript,grep,Qwen/Qwen3-Reranker-4B,8,0.0,0.0,0.0,0.0,0.0,0.0,0.0,4750.829436816275,299.47809502482414,5050.307531841099,0,0
fmtlib__fmt-2310,fmtlib/fmt,C++/C,grep,Qwen/Qwen3-Reranker-4B,42,0.5,0.5,1.0,0.5,0.0,0.5,1.0,4268.027598969638,1638.91820050776,5906.945799477398,0,0
fmtlib__fmt-2317,fmtlib/fmt,C++/C,grep,Qwen/Qwen3-Reranker-4B,21,0.0,0.0,1.0,0.0,0.0,0.0,0.0,4732.503600418568,703.3759420737624,5435.87954249233,0,0
fmtlib__fmt-3248,fmtlib/fmt,C++/C,grep,Qwen/Qwen3-Reranker-4B,25,1.0,0.0,1.0,1.0,1.0,1.0,0.5,4424.685169942677,850.5754480138421,5275.260617956519,0,0
gin-gonic__gin-1805,gin-gonic/gin,Go,grep,Qwen/Qwen3-Reranker-4B,57,1.0,0.0,1.0,1.0,1.0,1.0,0.25,3076.534394174814,1519.9051443487406,4596.439538523555,0,0
gin-gonic__gin-2121,gin-gonic/gin,Go,grep,Qwen/Qwen3-Reranker-4B,4,1.0,0.0,1.0,1.0,1.0,1.0,0.5,2862.8014884889126,152.54476759582758,3015.34625608474,0,0
gin-gonic__gin-2755,gin-gonic/gin,Go,grep,Qwen/Qwen3-Reranker-4B,4,1.0,0.0,1.0,1.0,1.0,1.0,0.3333333333333333,3472.4061777815223,231.39728605747223,3703.8034638389945,0,0
gin-gonic__gin-3741,gin-gonic/gin,Go,grep,Qwen/Qwen3-Reranker-4B,31,1.0,1.0,1.0,1.0,1.0,1.0,1.0,3779.110790230334,877.5851707905531,4656.695961020887,0,0
gin-gonic__gin-3820,gin-gonic/gin,Go,grep,Qwen/Qwen3-Reranker-4B,19,1.0,0.0,1.0,0.0,0.0,0.0,0.05263157894736842,3439.242660999298,998.9818902686238,4438.224551267922,0,0
gohugoio__hugo-12171,gohugoio/hugo,Go,grep,Qwen/Qwen3-Reranker-4B,43,0.0,0.0,1.0,0.0,0.0,0.0,0.0,4918.306885287166,2638.4616028517485,7556.768488138914,0,0
gohugoio__hugo-12343,gohugoio/hugo,Go,grep,Qwen/Qwen3-Reranker-4B,30,0.0,0.0,1.0,0.0,0.0,0.0,0.0,3803.7885017693043,850.0677449628711,4653.856246732175,0,0
gohugoio__hugo-12448,gohugoio/hugo,Go,grep,Qwen/Qwen3-Reranker-4B,57,0.0,0.0,1.0,0.0,0.0,0.0,0.0,5108.8861199095845,3001.075859181583,8109.961979091167,0,0
gohugoio__hugo-12562,gohugoio/hugo,Go,grep,Qwen/Qwen3-Reranker-4B,26,0.0,0.0,0.0,0.0,0.0,0.0,0.0,4083.1953985616565,1402.9036965221167,5486.099095083773,0,0
gohugoio__hugo-12579,gohugoio/hugo,Go,grep,Qwen/Qwen3-Reranker-4B,13,1.0,1.0,1.0,1.0,1.0,1.0,1.0,2520.696825347841,590.2006682008505,3110.8974935486913,0,0
hashicorp__terraform-34814,hashicorp/terraform,Go,grep,Qwen/Qwen3-Reranker-4B,19,0.0,0.0,0.0,0.0,0.0,0.0,0.0,5348.123683594167,1108.4704715758562,6456.594155170023,0,0
hashicorp__terraform-35611,hashicorp/terraform,Go,grep,Qwen/Qwen3-Reranker-4B,15,0.0,0.0,0.0,0.0,0.0,0.0,0.0,4706.670998595655,1445.7576982676983,6152.428696863353,0,0
jqlang__jq-2235,jqlang/jq,C++/C,grep,Qwen/Qwen3-Reranker-4B,26,0.0,0.0,1.0,0.0,0.0,0.0,0.0,5131.056283600628,1127.916282042861,6258.972565643489,0,0
jqlang__jq-2598,jqlang/jq,C++/C,grep,Qwen/Qwen3-Reranker-4B,4,0.25,0.25,0.3333333333333333,0.25,0.0,0.25,1.0,3392.2505248337984,224.34550989419222,3616.5960347279906,0,0
jqlang__jq-2658,jqlang/jq,C++/C,grep,Qwen/Qwen3-Reranker-4B,36,1.0,0.0,1.0,1.0,1.0,1.0,0.25,3073.5857784748077,1546.0613444447517,4619.6471229195595,0,0
jqlang__jq-2728,jqlang/jq,C++/C,grep,Qwen/Qwen3-Reranker-4B,19,1.0,1.0,1.0,1.0,1.0,1.0,1.0,3723.9268999546766,860.4480642825365,4584.374964237213,0,0
jqlang__jq-2750,jqlang/jq,C++/C,grep,Qwen/Qwen3-Reranker-4B,22,0.75,0.25,0.3333333333333333,0.75,0.0,0.75,1.0,5079.618434421718,1030.4568484425545,6110.075282864273,0,0
matplotlib__matplotlib-13989,matplotlib/matplotlib,Python,grep,Qwen/Qwen3-Reranker-4B,7,1.0,1.0,1.0,1.0,1.0,1.0,1.0,3484.394857659936,386.51123084127903,3870.906088501215,0,0
matplotlib__matplotlib-14623,matplotlib/matplotlib,Python,grep,Qwen/Qwen3-Reranker-4B,25,0.3333333333333333,0.0,0.6666666666666666,0.0,0.0,0.0,0.07142857142857142,4120.946387760341,1077.7119509875774,5198.658338747919,0,0
matplotlib__matplotlib-20488,matplotlib/matplotlib,Python,grep,Qwen/Qwen3-Reranker-4B,13,0.0,0.0,0.0,0.0,0.0,0.0,0.0,2972.100542858243,618.6861451715231,3590.786688029766,0,0
matplotlib__matplotlib-20676,matplotlib/matplotlib,Python,grep,Qwen/Qwen3-Reranker-4B,26,1.0,0.0,1.0,0.0,0.0,1.0,0.125,3780.1829604431987,971.9717502593994,4752.154710702598,0,0
micropython__micropython-10095,micropython/micropython,C++/C,grep,Qwen/Qwen3-Reranker-4B,100,0.0,0.0,0.0,0.0,0.0,0.0,0.0,5238.208795897663,4102.403312921524,9340.612108819187,0,0
micropython__micropython-13039,micropython/micropython,C++/C,grep,Qwen/Qwen3-Reranker-4B,8,1.0,1.0,1.0,1.0,1.0,1.0,1.0,4237.506160512567,739.0468819066882,4976.553042419255,0,0
micropython__micropython-13569,micropython/micropython,C++/C,grep,Qwen/Qwen3-Reranker-4B,18,1.0,0.5,1.0,1.0,1.0,1.0,1.0,5989.317760802805,738.2327141240239,6727.550474926829,0,0
micropython__micropython-15898,micropython/micropython,C++/C,grep,Qwen/Qwen3-Reranker-4B,2,1.0,1.0,1.0,1.0,1.0,1.0,1.0,4336.57202962786,76.2557229027152,4412.827752530575,0,0
nushell__nushell-12901,nushell/nushell,Rust,grep,Qwen/Qwen3-Reranker-4B,23,0.0,0.0,1.0,0.0,0.0,0.0,0.0,6397.338483482599,874.2927201092243,7271.631203591824,0,0
nushell__nushell-12950,nushell/nushell,Rust,grep,Qwen/Qwen3-Reranker-4B,58,1.0,0.0,1.0,1.0,1.0,1.0,0.5,5642.485464923084,2674.7231148183346,8317.208579741418,0,0
nushell__nushell-13605,nushell/nushell,Rust,grep,Qwen/Qwen3-Reranker-4B,6,1.0,0.5,1.0,1.0,1.0,1.0,1.0,4164.183573797345,316.27355329692364,4480.457127094269,0,0
nushell__nushell-13831,nushell/nushell,Rust,grep,Qwen/Qwen3-Reranker-4B,15,1.0,0.16666666666666666,1.0,0.8333333333333334,0.0,1.0,1.0,4009.1654509305954,834.7183465957642,4843.88379752636,0,0
preactjs__preact-2757,preactjs/preact,TypeScript/JavaScript,grep,Qwen/Qwen3-Reranker-4B,12,1.0,0.0,1.0,1.0,1.0,1.0,0.3333333333333333,4332.695502787828,588.5698171332479,4921.265319921076,0,0
preactjs__preact-2896,preactjs/preact,TypeScript/JavaScript,grep,Qwen/Qwen3-Reranker-4B,14,1.0,0.0,1.0,1.0,1.0,1.0,0.25,4061.791952699423,766.1811308935285,4827.973083592951,0,0
preactjs__preact-2927,preactjs/preact,TypeScript/JavaScript,grep,Qwen/Qwen3-Reranker-4B,4,1.0,0.0,1.0,1.0,1.0,1.0,0.5,3988.088115118444,165.06601683795452,4153.1541319563985,0,0
preactjs__preact-3567,preactjs/preact,TypeScript/JavaScript,grep,Qwen/Qwen3-Reranker-4B,22,0.6,0.2,0.5,0.6,0.0,0.6,1.0,4703.6331705749035,892.9036539047956,5596.536824479699,0,0
prometheus__prometheus-10633,prometheus/prometheus,Go,grep,Qwen/Qwen3-Reranker-4B,5,1.0,1.0,0.5,1.0,1.0,1.0,1.0,3426.093212328851,309.198715724051,3735.291928052902,0,0
prometheus__prometheus-11859,prometheus/prometheus,Go,grep,Qwen/Qwen3-Reranker-4B,10,0.0,0.0,0.0,0.0,0.0,0.0,0.0,4570.20821981132,7554.624015465379,12124.832235276699,0,0
prometheus__prometheus-14861,prometheus/prometheus,Go,grep,Qwen/Qwen3-Reranker-4B,5,1.0,1.0,1.0,1.0,1.0,1.0,1.0,4342.667544260621,282.000882551074,4624.668426811695,0,0
prometheus__prometheus-15142,prometheus/prometheus,Go,grep,Qwen/Qwen3-Reranker-4B,22,0.8,0.2,1.0,0.2,0.0,0.4,1.0,5408.792927861214,1225.743087939918,6634.536015801132,0,0
pydata__xarray-2905,pydata/xarray,Python,grep,Qwen/Qwen3-Reranker-4B,23,1.0,0.0,1.0,1.0,1.0,1.0,0.5,3288.700389675796,1301.1469319462776,4589.847321622074,0,0
pydata__xarray-3151,pydata/xarray,Python,grep,Qwen/Qwen3-Reranker-4B,16,1.0,1.0,1.0,1.0,1.0,1.0,1.0,3089.8202722892165,956.2495434656739,4046.0698157548904,0,0
pydata__xarray-3305,pydata/xarray,Python,grep,Qwen/Qwen3-Reranker-4B,10,1.0,0.0,1.0,1.0,1.0,1.0,0.5,2328.3929927274585,587.0061106979847,2915.399103425443,0,0
pydata__xarray-6992,pydata/xarray,Python,grep,Qwen/Qwen3-Reranker-4B,19,0.6666666666666666,0.0,0.5,0.0,0.0,0.6666666666666666,0.125,3648.8835411146283,846.0437105968595,4494.927251711488,0,0
redis__redis-10068,redis/redis,C++/C,grep,Qwen/Qwen3-Reranker-4B,22,1.0,0.3333333333333333,1.0,0.3333333333333333,0.0,0.3333333333333333,1.0,4841.48083999753,1487.2115002945065,6328.6923402920365,0,0
redis__redis-10095,redis/redis,C++/C,grep,Qwen/Qwen3-Reranker-4B,52,1.0,1.0,1.0,1.0,1.0,1.0,1.0,4079.2756946757436,2201.9019909203053,6281.177685596049,0,0
redis__redis-11631,redis/redis,C++/C,grep,Qwen/Qwen3-Reranker-4B,38,0.0,0.0,0.0,0.0,0.0,0.0,0.0,4792.920896783471,2614.249558188021,7407.170454971492,0,0
redis__redis-11734,redis/redis,C++/C,grep,Qwen/Qwen3-Reranker-4B,4,1.0,0.5,1.0,1.0,1.0,1.0,1.0,2487.7417339012027,183.53545852005482,2671.2771924212575,0,0
redis__redis-13338,redis/redis,C++/C,grep,Qwen/Qwen3-Reranker-4B,16,0.6666666666666666,0.0,1.0,0.6666666666666666,0.0,0.6666666666666666,0.25,3847.143528982997,2362.2476188465953,6209.391147829592,0,0
scikit-learn__scikit-learn-10297,scikit-learn/scikit-learn,Python,grep,Qwen/Qwen3-Reranker-4B,5,1.0,1.0,1.0,1.0,1.0,1.0,1.0,2404.822412878275,200.72724297642708,2605.549655854702,0,0
scikit-learn__scikit-learn-10844,scikit-learn/scikit-learn,Python,grep,Qwen/Qwen3-Reranker-4B,1,1.0,1.0,1.0,1.0,1.0,1.0,1.0,3005.297912284732,59.587045572698116,3064.88495785743,0,0
scikit-learn__scikit-learn-10908,scikit-learn/scikit-learn,Python,grep,Qwen/Qwen3-Reranker-4B,7,1.0,1.0,1.0,1.0,1.0,1.0,1.0,2573.7950578331947,301.01281218230724,2874.807870015502,0,0
scikit-learn__scikit-learn-13142,scikit-learn/scikit-learn,Python,grep,Qwen/Qwen3-Reranker-4B,8,1.0,0.0,1.0,1.0,1.0,1.0,0.5,3238.7303952127695,614.5978961139917,3853.3282913267612,0,0
sharkdp__bat-2201,sharkdp/bat,Rust,grep,Qwen/Qwen3-Reranker-4B,21,1.0,0.0,0.5,1.0,1.0,1.0,0.5,4127.51733046025,1380.4098181426525,5507.927148602903,0,0
sharkdp__bat-2260,sharkdp/bat,Rust,grep,Qwen/Qwen3-Reranker-4B,19,1.0,1.0,0.5,1.0,1.0,1.0,1.0,4150.2049043774605,1264.9505725130439,5415.155476890504,0,0
sharkdp__bat-2650,sharkdp/bat,Rust,grep,Qwen/Qwen3-Reranker-4B,7,1.0,0.0,0.5,1.0,1.0,1.0,0.5,4084.1638818383217,574.2033580318093,4658.367239870131,0,0
sharkdp__bat-3108,sharkdp/bat,Rust,grep,Qwen/Qwen3-Reranker-4B,40,1.0,0.5,0.3333333333333333,0.5,0.0,0.5,1.0,3118.703839369118,1496.6675145551562,4615.371353924274,0,0
sympy__sympy-11618,sympy/sympy,Python,grep,Qwen/Qwen3-Reranker-4B,12,1.0,1.0,1.0,1.0,1.0,1.0,1.0,2862.79284581542,251.71466823667288,3114.507514052093,0,0
sympy__sympy-12096,sympy/sympy,Python,grep,Qwen/Qwen3-Reranker-4B,7,1.0,1.0,1.0,1.0,1.0,1.0,1.0,3049.8110139742494,333.7671011686325,3383.578115142882,0,0
sympy__sympy-12419,sympy/sympy,Python,grep,Qwen/Qwen3-Reranker-4B,13,1.0,0.5,1.0,0.5,0.0,1.0,1.0,4274.305977858603,561.0730722546577,4835.379050113261,0,0
sympy__sympy-13031,sympy/sympy,Python,grep,Qwen/Qwen3-Reranker-4B,27,1.0,0.0,1.0,0.0,0.0,0.0,0.07692307692307693,3176.688076928258,794.9987044557929,3971.686781384051,0,0
tokio-rs__tokio-4898,tokio-rs/tokio,Rust,grep,Qwen/Qwen3-Reranker-4B,2,1.0,1.0,1.0,1.0,1.0,1.0,1.0,3228.5188511013985,73.6865559592843,3302.205407060683,0,0
tokio-rs__tokio-6551,tokio-rs/tokio,Rust,grep,Qwen/Qwen3-Reranker-4B,8,1.0,0.0,1.0,1.0,1.0,1.0,0.5,3191.265285015106,301.2328715994954,3492.4981566146016,0,0
tokio-rs__tokio-6603,tokio-rs/tokio,Rust,grep,Qwen/Qwen3-Reranker-4B,38,0.0,0.0,1.0,0.0,0.0,0.0,0.0,3665.0376562029123,1186.5611942484975,4851.59885045141,0,0
tokio-rs__tokio-6752,tokio-rs/tokio,Rust,grep,Qwen/Qwen3-Reranker-4B,16,1.0,0.0,1.0,1.0,1.0,1.0,0.5,3456.3392316922545,526.7150774598122,3983.0543091520667,0,0
uutils__coreutils-6575,uutils/coreutils,Rust,grep,Qwen/Qwen3-Reranker-4B,6,0.6,0.2,0.5,0.6,0.0,0.6,1.0,4879.861232824624,175.1305405050516,5054.991773329675,0,0
uutils__coreutils-6682,uutils/coreutils,Rust,grep,Qwen/Qwen3-Reranker-4B,5,1.0,0.5,1.0,1.0,1.0,1.0,1.0,3856.1998680233955,165.99677968770266,4022.196647711098,0,0
uutils__coreutils-6690,uutils/coreutils,Rust,grep,Qwen/Qwen3-Reranker-4B,4,1.0,1.0,1.0,1.0,1.0,1.0,1.0,4358.840680681169,141.29730965942144,4500.1379903405905,0,0
uutils__coreutils-6731,uutils/coreutils,Rust,grep,Qwen/Qwen3-Reranker-4B,1,1.0,1.0,1.0,1.0,1.0,1.0,1.0,4734.255103394389,37.33538091182709,4771.590484306216,0,0
valkey-io__valkey-1842,valkey-io/valkey,C++/C,grep,Qwen/Qwen3-Reranker-4B,68,1.0,0.0,1.0,1.0,1.0,1.0,0.25,4854.366446845233,3304.2239919304848,8158.590438775718,0,0
valkey-io__valkey-790,valkey-io/valkey,C++/C,grep,Qwen/Qwen3-Reranker-4B,35,0.5,0.5,1.0,0.5,0.0,0.5,1.0,4398.304134607315,3731.886925175786,8130.191059783101,0,0
valkey-io__valkey-928,valkey-io/valkey,C++/C,grep,Qwen/Qwen3-Reranker-4B,9,1.0,1.0,1.0,1.0,1.0,1.0,1.0,3092.9156318306923,1234.7166584804654,4327.632290311158,0,0
vuejs__core-11589,vuejs/core,TypeScript/JavaScript,grep,Qwen/Qwen3-Reranker-4B,16,0.6666666666666666,0.3333333333333333,1.0,0.3333333333333333,0.0,0.3333333333333333,1.0,4587.431984953582,1100.3027632832527,5687.734748236835,0,0
vuejs__core-11870,vuejs/core,TypeScript/JavaScript,grep,Qwen/Qwen3-Reranker-4B,22,1.0,1.0,1.0,1.0,1.0,1.0,1.0,3926.0451262816787,1354.070896282792,5280.116022564471,0,0
vuejs__core-11915,vuejs/core,TypeScript/JavaScript,grep,Qwen/Qwen3-Reranker-4B,34,1.0,0.0,1.0,0.0,0.0,0.0,0.09090909090909091,4327.735378406942,1148.6990069970489,5476.434385403991,0,0
astral-sh__ruff-15309,astral-sh/ruff,Rust,grep,typesafe/jev-1.13,22,1.0,1.0,1.0,1.0,1.0,1.0,1.0,3646.467909216881,804.4309923425317,4450.8989015594125,0.00058422,0
astral-sh__ruff-15330,astral-sh/ruff,Rust,grep,typesafe/jev-1.13,4,0.0,0.0,1.0,0.0,0.0,0.0,0.0,4443.399637006223,248.09518922120333,4691.4948262274265,9.828e-05,0
astral-sh__ruff-15356,astral-sh/ruff,Rust,grep,typesafe/jev-1.13,3,1.0,1.0,1.0,1.0,1.0,1.0,1.0,4414.02102727443,738.8159744441509,5152.837001718581,9.429e-05,0
astral-sh__ruff-15443,astral-sh/ruff,Rust,grep,typesafe/jev-1.13,2,1.0,0.5,1.0,1.0,1.0,1.0,1.0,5319.161555729806,201.9227547571063,5521.084310486913,8.0472e-05,0
astropy__astropy-12907,astropy/astropy,Python,grep,typesafe/jev-1.13,5,1.0,0.0,1.0,1.0,1.0,1.0,0.5,3330.000746063888,190.01492019742727,3520.0156662613153,0.00012558,0
astropy__astropy-13033,astropy/astropy,Python,grep,typesafe/jev-1.13,9,1.0,1.0,1.0,1.0,1.0,1.0,1.0,3873.5237112268806,226.25204548239708,4099.775756709278,0.00027804,0
astropy__astropy-13236,astropy/astropy,Python,grep,typesafe/jev-1.13,3,1.0,1.0,1.0,1.0,1.0,1.0,1.0,3917.9469626396894,220.81866767257452,4138.765630312264,0.000115626,0
astropy__astropy-13579,astropy/astropy,Python,grep,typesafe/jev-1.13,8,1.0,1.0,1.0,1.0,1.0,1.0,1.0,4248.600833117962,290.57253058999777,4539.17336370796,0.000208866,0
axios__axios-4731,axios/axios,TypeScript/JavaScript,grep,typesafe/jev-1.13,6,1.0,1.0,1.0,1.0,1.0,1.0,1.0,2433.522463776171,262.42050621658564,2695.942969992757,0.000192696,0
axios__axios-4738,axios/axios,TypeScript/JavaScript,grep,typesafe/jev-1.13,4,1.0,1.0,1.0,1.0,1.0,1.0,1.0,3344.47739738971,305.2531275898218,3649.7305249795318,0.00012999,0
axios__axios-5085,axios/axios,TypeScript/JavaScript,grep,typesafe/jev-1.13,5,1.0,1.0,0.5,1.0,1.0,1.0,1.0,3354.2047515511513,236.61947902292013,3590.8242305740714,0.00013902,0
axios__axios-6539,axios/axios,TypeScript/JavaScript,grep,typesafe/jev-1.13,5,1.0,0.0,1.0,1.0,1.0,1.0,0.3333333333333333,9969.430964440107,224.13767222315073,10193.568636663258,0.000100044,0
babel__babel-13928,babel/babel,TypeScript/JavaScript,grep,typesafe/jev-1.13,0,0.0,0.0,0.0,0.0,0.0,0.0,0.0,6010.614954866469,0.9374246001243591,6011.552379466593,0,0
babel__babel-14532,babel/babel,TypeScript/JavaScript,grep,typesafe/jev-1.13,5,1.0,1.0,1.0,1.0,1.0,1.0,1.0,4578.336311504245,240.53869768977165,4818.8750091940165,0.000123942,0
babel__babel-15445,babel/babel,TypeScript/JavaScript,grep,typesafe/jev-1.13,4,1.0,1.0,1.0,1.0,1.0,1.0,1.0,4392.383084632456,296.40769865363836,4688.790783286095,0.000161028,0
babel__babel-15649,babel/babel,TypeScript/JavaScript,grep,typesafe/jev-1.13,7,1.0,0.0,1.0,1.0,1.0,1.0,0.3333333333333333,3995.259708724916,277.9364204034209,4273.196129128337,0.00018585,0
caddyserver__caddy-4943,caddyserver/caddy,Go,grep,typesafe/jev-1.13,18,1.0,1.0,1.0,1.0,1.0,1.0,1.0,3739.5824529230595,541.5459256619215,4281.128378584981,0.00039530399999999997,0
caddyserver__caddy-5404,caddyserver/caddy,Go,grep,typesafe/jev-1.13,4,0.5,0.5,1.0,0.5,0.0,0.5,1.0,3592.6224067807198,276.4130160212517,3869.0354228019714,0.000224784,0
caddyserver__caddy-5761,caddyserver/caddy,Go,grep,typesafe/jev-1.13,9,1.0,1.0,1.0,1.0,1.0,1.0,1.0,4176.884850487113,231.30432050675154,4408.1891709938645,0.000280476,0
caddyserver__caddy-5870,caddyserver/caddy,Go,grep,typesafe/jev-1.13,6,0.0,0.0,1.0,0.0,0.0,0.0,0.0,3819.8339976370335,105.16873374581337,3925.002731382847,0.0,1
caddyserver__caddy-6115,caddyserver/caddy,Go,grep,typesafe/jev-1.13,5,1.0,1.0,1.0,1.0,1.0,1.0,1.0,4369.132555089891,253.3178459852934,4622.450401075184,0.000213108,0
facebook__docusaurus-10130,facebook/docusaurus,TypeScript/JavaScript,grep,typesafe/jev-1.13,27,1.0,1.0,1.0,1.0,1.0,1.0,1.0,5047.146564349532,767.3715706914663,5814.5181350409985,0.000724038,0
facebook__docusaurus-10309,facebook/docusaurus,TypeScript/JavaScript,grep,typesafe/jev-1.13,28,1.0,0.0,1.0,1.0,1.0,1.0,0.5,5631.16726372391,805.762586183846,6436.929849907756,0.000661122,0
facebook__docusaurus-8927,facebook/docusaurus,TypeScript/JavaScript,grep,typesafe/jev-1.13,11,0.0,0.0,0.0,0.0,0.0,0.0,0.0,6293.730866163969,553.96075733006,6847.691623494029,0.000319788,0
facebook__docusaurus-9897,facebook/docusaurus,TypeScript/JavaScript,grep,typesafe/jev-1.13,8,0.0,0.0,0.0,0.0,0.0,0.0,0.0,4750.829436816275,220.01276351511478,4970.84220033139,0.000165312,0
fmtlib__fmt-2310,fmtlib/fmt,C++/C,grep,typesafe/jev-1.13,42,0.5,0.5,1.0,0.5,0.0,0.5,1.0,4268.027598969638,1536.5606006234884,5804.588199593127,0.0007470119999999999,0
fmtlib__fmt-2317,fmtlib/fmt,C++/C,grep,typesafe/jev-1.13,21,0.0,0.0,1.0,0.0,0.0,0.0,0.0,4732.503600418568,676.9217094406486,5409.425309859216,0.000417984,0
fmtlib__fmt-3248,fmtlib/fmt,C++/C,grep,typesafe/jev-1.13,25,1.0,1.0,1.0,1.0,1.0,1.0,1.0,4424.685169942677,736.0324999317527,5160.71766987443,0.0005225640000000001,0
gin-gonic__gin-1805,gin-gonic/gin,Go,grep,typesafe/jev-1.13,57,1.0,1.0,1.0,1.0,1.0,1.0,1.0,3076.534394174814,1556.6071895882487,4633.141583763063,0.0009562980000000001,0
gin-gonic__gin-2121,gin-gonic/gin,Go,grep,typesafe/jev-1.13,4,1.0,1.0,1.0,1.0,1.0,1.0,1.0,2862.8014884889126,270.8157291635871,3133.6172176524997,8.9334e-05,0
gin-gonic__gin-2755,gin-gonic/gin,Go,grep,typesafe/jev-1.13,4,1.0,1.0,1.0,1.0,1.0,1.0,1.0,3472.4061777815223,218.9763616770506,3691.382539458573,0.000123396,0
gin-gonic__gin-3741,gin-gonic/gin,Go,grep,typesafe/jev-1.13,31,1.0,1.0,1.0,1.0,1.0,1.0,1.0,3779.110790230334,887.3939579352736,4666.504748165607,0.000557046,0
gin-gonic__gin-3820,gin-gonic/gin,Go,grep,typesafe/jev-1.13,19,1.0,0.0,1.0,1.0,1.0,1.0,0.3333333333333333,3439.242660999298,501.084822230041,3940.327483229339,0.000405636,0
gohugoio__hugo-12171,gohugoio/hugo,Go,grep,typesafe/jev-1.13,43,0.0,0.0,1.0,0.0,0.0,0.0,0.0,4918.306885287166,1480.983654037118,6399.290539324284,0.0010260599999999999,0
gohugoio__hugo-12343,gohugoio/hugo,Go,grep,typesafe/jev-1.13,30,0.0,0.0,1.0,0.0,0.0,0.0,0.0,3803.7885017693043,771.7089839279652,4575.497485697269,0.00053109,0
gohugoio__hugo-12448,gohugoio/hugo,Go,grep,typesafe/jev-1.13,57,0.0,0.0,1.0,0.0,0.0,0.0,0.0,5108.8861199095845,1674.4275717064738,6783.313691616058,0.0014421960000000002,0
gohugoio__hugo-12562,gohugoio/hugo,Go,grep,typesafe/jev-1.13,26,0.0,0.0,0.0,0.0,0.0,0.0,0.0,4083.1953985616565,1446.794674731791,5529.9900732934475,0.0006702359999999999,0
gohugoio__hugo-12579,gohugoio/hugo,Go,grep,typesafe/jev-1.13,13,1.0,1.0,1.0,1.0,1.0,1.0,1.0,2520.696825347841,509.3690035864711,3030.065828934312,0.00029773800000000003,0
hashicorp__terraform-34814,hashicorp/terraform,Go,grep,typesafe/jev-1.13,19,0.0,0.0,0.0,0.0,0.0,0.0,0.0,5348.123683594167,504.5080790296197,5852.631762623787,0.000489846,0
hashicorp__terraform-35611,hashicorp/terraform,Go,grep,typesafe/jev-1.13,15,0.0,0.0,0.0,0.0,0.0,0.0,0.0,4706.670998595655,503.47484555095434,5210.145844146609,0.0006131579999999999,0
jqlang__jq-2235,jqlang/jq,C++/C,grep,typesafe/jev-1.13,26,0.0,0.0,1.0,0.0,0.0,0.0,0.0,5131.056283600628,814.1850894317031,5945.2413730323315,0.000762132,0
jqlang__jq-2598,jqlang/jq,C++/C,grep,typesafe/jev-1.13,4,0.25,0.25,0.3333333333333333,0.25,0.0,0.25,1.0,3392.2505248337984,301.7804389819503,3694.0309638157487,0.00016716,0
jqlang__jq-2658,jqlang/jq,C++/C,grep,typesafe/jev-1.13,36,1.0,1.0,1.0,1.0,1.0,1.0,1.0,3073.5857784748077,1824.7409723699093,4898.326750844717,0.000985404,0
jqlang__jq-2728,jqlang/jq,C++/C,grep,typesafe/jev-1.13,19,1.0,1.0,1.0,1.0,1.0,1.0,1.0,3723.9268999546766,495.65026722848415,4219.577167183161,0.0005919899999999999,0
jqlang__jq-2750,jqlang/jq,C++/C,grep,typesafe/jev-1.13,22,0.75,0.25,0.3333333333333333,0.75,0.0,0.75,1.0,5079.618434421718,710.113768465817,5789.732202887535,0.000619626,0
matplotlib__matplotlib-13989,matplotlib/matplotlib,Python,grep,typesafe/jev-1.13,7,1.0,1.0,1.0,1.0,1.0,1.0,1.0,3484.394857659936,381.7282794043422,3866.123137064278,0.000280266,0
matplotlib__matplotlib-14623,matplotlib/matplotlib,Python,grep,typesafe/jev-1.13,25,0.3333333333333333,0.0,0.6666666666666666,0.0,0.0,0.3333333333333333,0.1111111111111111,4120.946387760341,715.3778905048966,4836.324278265238,0.000565362,0
matplotlib__matplotlib-20488,matplotlib/matplotlib,Python,grep,typesafe/jev-1.13,13,0.0,0.0,0.0,0.0,0.0,0.0,0.0,2972.100542858243,484.0183760970831,3456.118918955326,0.000273672,0
matplotlib__matplotlib-20676,matplotlib/matplotlib,Python,grep,typesafe/jev-1.13,26,1.0,0.0,1.0,0.0,0.0,1.0,0.16666666666666666,3780.1829604431987,832.4784757569432,4612.661436200142,0.000521304,0
micropython__micropython-10095,micropython/micropython,C++/C,grep,typesafe/jev-1.13,100,0.0,0.0,0.0,0.0,0.0,0.0,0.0,5238.208795897663,2620.491737499833,7858.700533397496,0.002357922,0
micropython__micropython-13039,micropython/micropython,C++/C,grep,typesafe/jev-1.13,8,1.0,1.0,1.0,1.0,1.0,1.0,1.0,4237.506160512567,212.4207904562354,4449.926950968802,0.000203154,0
micropython__micropython-13569,micropython/micropython,C++/C,grep,typesafe/jev-1.13,18,1.0,0.5,1.0,0.5,0.0,0.5,1.0,5989.317760802805,545.6434451043606,6534.961205907166,0.00050106,0
micropython__micropython-15898,micropython/micropython,C++/C,grep,typesafe/jev-1.13,2,1.0,1.0,1.0,1.0,1.0,1.0,1.0,4336.57202962786,216.57133009284735,4553.143359720707,6.5856e-05,0
nushell__nushell-12901,nushell/nushell,Rust,grep,typesafe/jev-1.13,23,0.0,0.0,1.0,0.0,0.0,0.0,0.0,6397.338483482599,760.8278878033161,7158.166371285915,0.00046926600000000003,0
nushell__nushell-12950,nushell/nushell,Rust,grep,typesafe/jev-1.13,58,1.0,0.0,1.0,1.0,1.0,1.0,0.5,5642.485464923084,1563.8632560148835,7206.348720937967,0.00147525,0
nushell__nushell-13605,nushell/nushell,Rust,grep,typesafe/jev-1.13,6,1.0,0.5,1.0,1.0,1.0,1.0,1.0,4164.183573797345,247.49728478491306,4411.680858582258,0.000214032,0
nushell__nushell-13831,nushell/nushell,Rust,grep,typesafe/jev-1.13,15,1.0,0.16666666666666666,1.0,0.3333333333333333,0.0,0.8333333333333334,1.0,4009.1654509305954,476.3382552191615,4485.503706149757,0.000380898,0
preactjs__preact-2757,preactjs/preact,TypeScript/JavaScript,grep,typesafe/jev-1.13,12,1.0,0.0,1.0,1.0,1.0,1.0,0.5,4332.695502787828,624.1271980106831,4956.8227007985115,0.00035040600000000005,0
preactjs__preact-2896,preactjs/preact,TypeScript/JavaScript,grep,typesafe/jev-1.13,14,1.0,0.0,1.0,1.0,1.0,1.0,0.25,4061.791952699423,489.86571840941906,4551.657671108842,0.000479136,0
preactjs__preact-2927,preactjs/preact,TypeScript/JavaScript,grep,typesafe/jev-1.13,4,1.0,1.0,1.0,1.0,1.0,1.0,1.0,3988.088115118444,243.92405338585377,4232.012168504298,0.000125706,0
preactjs__preact-3567,preactjs/preact,TypeScript/JavaScript,grep,typesafe/jev-1.13,22,0.6,0.2,0.5,0.6,0.0,0.6,1.0,4703.6331705749035,881.3493521884084,5584.982522763312,0.00048363000000000003,0
prometheus__prometheus-10633,prometheus/prometheus,Go,grep,typesafe/jev-1.13,5,1.0,1.0,0.5,1.0,1.0,1.0,1.0,3426.093212328851,243.12820844352245,3669.2214207723737,0.000177996,0
prometheus__prometheus-11859,prometheus/prometheus,Go,grep,typesafe/jev-1.13,10,0.0,0.0,0.0,0.0,0.0,0.0,0.0,4570.20821981132,310.00746693462133,4880.215686745942,0.000647388,0
prometheus__prometheus-14861,prometheus/prometheus,Go,grep,typesafe/jev-1.13,5,1.0,1.0,1.0,1.0,1.0,1.0,1.0,4342.667544260621,249.05829038470984,4591.725834645331,0.000209202,0
prometheus__prometheus-15142,prometheus/prometheus,Go,grep,typesafe/jev-1.13,22,0.8,0.2,1.0,0.2,0.0,0.4,1.0,5408.792927861214,783.7736159563065,6192.56654381752,0.0007804859999999999,0
pydata__xarray-2905,pydata/xarray,Python,grep,typesafe/jev-1.13,23,1.0,1.0,1.0,1.0,1.0,1.0,1.0,3288.700389675796,761.6244051605463,4050.3247948363423,0.000611016,0
pydata__xarray-3151,pydata/xarray,Python,grep,typesafe/jev-1.13,16,1.0,1.0,1.0,1.0,1.0,1.0,1.0,3089.8202722892165,531.6850645467639,3621.5053368359804,0.000499716,0
pydata__xarray-3305,pydata/xarray,Python,grep,typesafe/jev-1.13,10,1.0,0.0,1.0,1.0,1.0,1.0,0.5,2328.3929927274585,246.3509775698185,2574.743970297277,0.000320376,0
pydata__xarray-6992,pydata/xarray,Python,grep,typesafe/jev-1.13,19,0.6666666666666666,0.0,0.5,0.6666666666666666,0.0,0.6666666666666666,0.5,3648.8835411146283,470.7311512902379,4119.614692404866,0.000433482,0
redis__redis-10068,redis/redis,C++/C,grep,typesafe/jev-1.13,22,1.0,0.3333333333333333,1.0,0.6666666666666666,0.0,0.6666666666666666,1.0,4841.48083999753,1194.0427832305431,6035.523623228073,0.0006616259999999999,0
redis__redis-10095,redis/redis,C++/C,grep,typesafe/jev-1.13,52,1.0,1.0,1.0,1.0,1.0,1.0,1.0,4079.2756946757436,1676.460213959217,5755.735908634961,0.0014339639999999998,0
redis__redis-11631,redis/redis,C++/C,grep,typesafe/jev-1.13,38,0.0,0.0,1.0,0.0,0.0,0.0,0.0,4792.920896783471,1084.4453014433384,5877.3661982268095,0.001126944,0
redis__redis-11734,redis/redis,C++/C,grep,typesafe/jev-1.13,4,1.0,0.5,1.0,1.0,1.0,1.0,1.0,2487.7417339012027,228.45918033272028,2716.200914233923,0.000158802,0
redis__redis-13338,redis/redis,C++/C,grep,typesafe/jev-1.13,16,0.6666666666666666,0.0,1.0,0.6666666666666666,0.0,0.6666666666666666,0.5,3847.143528982997,595.9545392543077,4443.098068237305,0.000691908,0
scikit-learn__scikit-learn-10297,scikit-learn/scikit-learn,Python,grep,typesafe/jev-1.13,5,1.0,1.0,1.0,1.0,1.0,1.0,1.0,2404.822412878275,224.2305539548397,2629.0529668331146,0.000122388,0
scikit-learn__scikit-learn-10844,scikit-learn/scikit-learn,Python,grep,typesafe/jev-1.13,1,1.0,1.0,1.0,1.0,1.0,1.0,1.0,3005.297912284732,164.7706152871251,3170.068527571857,8.0892e-05,0
scikit-learn__scikit-learn-10908,scikit-learn/scikit-learn,Python,grep,typesafe/jev-1.13,7,1.0,0.0,1.0,1.0,1.0,1.0,0.5,2573.7950578331947,243.42587310820818,2817.220930941403,0.00016989,0
scikit-learn__scikit-learn-13142,scikit-learn/scikit-learn,Python,grep,typesafe/jev-1.13,8,1.0,1.0,1.0,1.0,1.0,1.0,1.0,3238.7303952127695,233.16560685634613,3471.8960020691156,0.000208656,0
sharkdp__bat-2201,sharkdp/bat,Rust,grep,typesafe/jev-1.13,21,1.0,0.0,0.5,1.0,1.0,1.0,0.5,4127.51733046025,923.2602622359991,5050.7775926962495,0.0006196260000000001,0
sharkdp__bat-2260,sharkdp/bat,Rust,grep,typesafe/jev-1.13,19,1.0,0.0,0.5,1.0,1.0,1.0,0.5,4150.2049043774605,531.2976390123367,4681.502543389797,0.000450282,0
sharkdp__bat-2650,sharkdp/bat,Rust,grep,typesafe/jev-1.13,7,1.0,1.0,0.5,1.0,1.0,1.0,1.0,4084.1638818383217,262.9601424559951,4347.124024294317,0.00017619,0
sharkdp__bat-3108,sharkdp/bat,Rust,grep,typesafe/jev-1.13,40,1.0,0.5,0.6666666666666666,1.0,1.0,1.0,1.0,3118.703839369118,1360.5994880199432,4479.303327389061,0.000879354,0
sympy__sympy-11618,sympy/sympy,Python,grep,typesafe/jev-1.13,12,1.0,1.0,1.0,1.0,1.0,1.0,1.0,2862.79284581542,414.84908666461706,3277.641932480037,0.00024700199999999996,0
sympy__sympy-12096,sympy/sympy,Python,grep,typesafe/jev-1.13,7,1.0,1.0,1.0,1.0,1.0,1.0,1.0,3049.8110139742494,222.9351308196783,3272.7461447939277,0.000259854,0
sympy__sympy-12419,sympy/sympy,Python,grep,typesafe/jev-1.13,13,1.0,0.0,1.0,0.5,0.0,0.5,0.5,4274.305977858603,557.9550014808774,4832.26097933948,0.000311388,0
sympy__sympy-13031,sympy/sympy,Python,grep,typesafe/jev-1.13,27,1.0,0.0,1.0,0.5,0.0,1.0,0.2,3176.688076928258,764.6889593452215,3941.3770362734795,0.0005251679999999999,0
tokio-rs__tokio-4898,tokio-rs/tokio,Rust,grep,typesafe/jev-1.13,2,1.0,1.0,1.0,1.0,1.0,1.0,1.0,3228.5188511013985,244.79684699326754,3473.315698094666,7.4172e-05,0
tokio-rs__tokio-6551,tokio-rs/tokio,Rust,grep,typesafe/jev-1.13,8,1.0,0.5,1.0,1.0,1.0,1.0,1.0,3191.265285015106,216.71631652861834,3407.9816015437245,0.000164598,0
tokio-rs__tokio-6603,tokio-rs/tokio,Rust,grep,typesafe/jev-1.13,38,0.0,0.0,1.0,0.0,0.0,0.0,0.0,3665.0376562029123,1053.6425886675715,4718.680244870484,0.000565614,0
tokio-rs__tokio-6752,tokio-rs/tokio,Rust,grep,typesafe/jev-1.13,16,1.0,1.0,1.0,1.0,1.0,1.0,1.0,3456.3392316922545,421.2898099794984,3877.629041671753,0.00026350799999999997,0
uutils__coreutils-6575,uutils/coreutils,Rust,grep,typesafe/jev-1.13,6,0.6,0.2,0.5,0.6,0.0,0.6,1.0,4879.861232824624,319.00613382458687,5198.86736664921,0.000177828,0
uutils__coreutils-6682,uutils/coreutils,Rust,grep,typesafe/jev-1.13,5,1.0,0.5,1.0,1.0,1.0,1.0,1.0,3856.1998680233955,214.8274937644601,4071.0273617878556,0.000102102,0
uutils__coreutils-6690,uutils/coreutils,Rust,grep,typesafe/jev-1.13,4,1.0,1.0,1.0,1.0,1.0,1.0,1.0,4358.840680681169,233.3784056827426,4592.219086363912,0.000156912,0
uutils__coreutils-6731,uutils/coreutils,Rust,grep,typesafe/jev-1.13,1,1.0,1.0,1.0,1.0,1.0,1.0,1.0,4734.255103394389,265.12028835713863,4999.375391751528,5.124e-05,0
valkey-io__valkey-1842,valkey-io/valkey,C++/C,grep,typesafe/jev-1.13,68,1.0,0.0,1.0,1.0,1.0,1.0,0.5,4854.366446845233,1842.2278938814998,6696.594340726733,0.0020386799999999997,0
valkey-io__valkey-790,valkey-io/valkey,C++/C,grep,typesafe/jev-1.13,35,0.5,0.5,1.0,0.5,0.0,0.5,1.0,4398.304134607315,1175.740365870297,5574.044500477612,0.001328922,0
valkey-io__valkey-928,valkey-io/valkey,C++/C,grep,typesafe/jev-1.13,9,1.0,0.0,1.0,1.0,1.0,1.0,0.5,3092.9156318306923,271.7469856142998,3364.662617444992,0.0004599,0
vuejs__core-11589,vuejs/core,TypeScript/JavaScript,grep,typesafe/jev-1.13,16,0.6666666666666666,0.0,1.0,0.6666666666666666,0.0,0.6666666666666666,0.5,4587.431984953582,473.3481677249074,5060.78015267849,0.00039572399999999997,0
vuejs__core-11870,vuejs/core,TypeScript/JavaScript,grep,typesafe/jev-1.13,22,1.0,1.0,1.0,1.0,1.0,1.0,1.0,3926.0451262816787,754.4598961248994,4680.505022406578,0.0005583480000000001,0
vuejs__core-11915,vuejs/core,TypeScript/JavaScript,grep,typesafe/jev-1.13,34,1.0,1.0,1.0,1.0,1.0,1.0,1.0,4327.735378406942,1077.8628326952457,5405.598211102188,0.000854952,0
astral-sh__ruff-15309,astral-sh/ruff,Rust,dense,Qwen/Qwen3-Reranker-4B,100,1.0,1.0,1.0,1.0,1.0,1.0,1.0,13.166451826691628,2079.0212964639068,2092.1877482905984,0,0
astral-sh__ruff-15330,astral-sh/ruff,Rust,dense,Qwen/Qwen3-Reranker-4B,100,1.0,0.5,1.0,1.0,1.0,1.0,1.0,19.54665407538414,3552.6614477857947,3572.208101861179,0,0
astral-sh__ruff-15356,astral-sh/ruff,Rust,dense,Qwen/Qwen3-Reranker-4B,100,0.0,0.0,0.0,0.0,0.0,0.0,0.0,20.56088950484991,5983.017145656049,6003.578035160899,0,0
astral-sh__ruff-15443,astral-sh/ruff,Rust,dense,Qwen/Qwen3-Reranker-4B,100,1.0,0.5,1.0,1.0,1.0,1.0,1.0,13.793246820569038,4497.215072624385,4511.008319444954,0,0
astropy__astropy-12907,astropy/astropy,Python,dense,Qwen/Qwen3-Reranker-4B,100,1.0,0.0,1.0,0.0,0.0,0.0,0.043478260869565216,13.222843408584595,3551.337062381208,3564.5599057897925,0,0
astropy__astropy-13033,astropy/astropy,Python,dense,Qwen/Qwen3-Reranker-4B,100,1.0,1.0,1.0,1.0,1.0,1.0,1.0,19.793621264398098,6437.966889701784,6457.760510966182,0,0
astropy__astropy-13236,astropy/astropy,Python,dense,Qwen/Qwen3-Reranker-4B,100,1.0,1.0,1.0,1.0,1.0,1.0,1.0,13.759388588368893,4843.496077693999,4857.255466282368,0,0
astropy__astropy-13579,astropy/astropy,Python,dense,Qwen/Qwen3-Reranker-4B,100,1.0,1.0,1.0,1.0,1.0,1.0,1.0,38.846706971526146,13287.385155446827,13326.231862418354,0,0
axios__axios-4731,axios/axios,TypeScript/JavaScript,dense,Qwen/Qwen3-Reranker-4B,100,1.0,1.0,1.0,1.0,1.0,1.0,1.0,15.10216947644949,3245.5243607982993,3260.626530274749,0,0
axios__axios-4738,axios/axios,TypeScript/JavaScript,dense,Qwen/Qwen3-Reranker-4B,100,1.0,0.0,1.0,1.0,1.0,1.0,0.5,16.87577459961176,4769.618988037109,4786.494762636721,0,0
axios__axios-5085,axios/axios,TypeScript/JavaScript,dense,Qwen/Qwen3-Reranker-4B,100,1.0,0.0,0.5,1.0,1.0,1.0,0.3333333333333333,14.559183269739151,3790.769129060209,3805.328312329948,0,0
axios__axios-6539,axios/axios,TypeScript/JavaScript,dense,Qwen/Qwen3-Reranker-4B,100,1.0,0.0,0.0,0.0,0.0,0.0,0.043478260869565216,21.404540166258812,5593.759175390005,5615.163715556264,0,0
babel__babel-13928,babel/babel,TypeScript/JavaScript,dense,Qwen/Qwen3-Reranker-4B,100,0.0,0.0,1.0,0.0,0.0,0.0,0.0,17.638112418353558,3557.722084224224,3575.3601966425776,0,0
babel__babel-14532,babel/babel,TypeScript/JavaScript,dense,Qwen/Qwen3-Reranker-4B,100,0.0,0.0,0.0,0.0,0.0,0.0,0.0,19.4429699331522,6725.02261493355,6744.465584866703,0,0
babel__babel-15445,babel/babel,TypeScript/JavaScript,dense,Qwen/Qwen3-Reranker-4B,100,1.0,1.0,1.0,1.0,1.0,1.0,1.0,44.385943561792374,12132.969100959599,12177.355044521391,0,0
babel__babel-15649,babel/babel,TypeScript/JavaScript,dense,Qwen/Qwen3-Reranker-4B,100,1.0,0.0,1.0,1.0,1.0,1.0,0.3333333333333333,15.161419287323952,4134.758724831045,4149.920144118369,0,0
caddyserver__caddy-4943,caddyserver/caddy,Go,dense,Qwen/Qwen3-Reranker-4B,100,1.0,0.0,1.0,1.0,1.0,1.0,0.5,24.243234656751156,9395.70161048323,9419.94484513998,0,0
caddyserver__caddy-5404,caddyserver/caddy,Go,dense,Qwen/Qwen3-Reranker-4B,100,0.0,0.0,1.0,0.0,0.0,0.0,0.0,36.22135892510414,11916.781840845942,11953.003199771047,0,0
caddyserver__caddy-5761,caddyserver/caddy,Go,dense,Qwen/Qwen3-Reranker-4B,100,1.0,1.0,1.0,1.0,1.0,1.0,1.0,15.400108881294727,3818.6485515907407,3834.0486604720354,0,0
caddyserver__caddy-5870,caddyserver/caddy,Go,dense,Qwen/Qwen3-Reranker-4B,100,0.0,0.0,0.0,0.0,0.0,0.0,0.0,17.1704376116395,6396.335457451642,6413.505895063281,0,0
caddyserver__caddy-6115,caddyserver/caddy,Go,dense,Qwen/Qwen3-Reranker-4B,100,1.0,1.0,1.0,1.0,1.0,1.0,1.0,16.252687200903893,4923.169405199587,4939.422092400491,0,0
facebook__docusaurus-10130,facebook/docusaurus,TypeScript/JavaScript,dense,Qwen/Qwen3-Reranker-4B,100,1.0,1.0,1.0,1.0,1.0,1.0,1.0,23.97977188229561,5775.031378492713,5799.011150375009,0,0
facebook__docusaurus-10309,facebook/docusaurus,TypeScript/JavaScript,dense,Qwen/Qwen3-Reranker-4B,100,1.0,0.0,1.0,1.0,1.0,1.0,0.25,23.53011816740036,6215.474266558886,6239.004384726286,0,0
facebook__docusaurus-8927,facebook/docusaurus,TypeScript/JavaScript,dense,Qwen/Qwen3-Reranker-4B,100,1.0,0.0,1.0,1.0,1.0,1.0,0.25,16.92291721701622,4494.079980999231,4511.002898216248,0,0
facebook__docusaurus-9897,facebook/docusaurus,TypeScript/JavaScript,dense,Qwen/Qwen3-Reranker-4B,100,0.0,0.0,0.0,0.0,0.0,0.0,0.0,16.487848944962025,4841.939952224493,4858.427801169455,0,0
fmtlib__fmt-2310,fmtlib/fmt,C++/C,dense,Qwen/Qwen3-Reranker-4B,100,1.0,0.5,1.0,1.0,1.0,1.0,1.0,14.646603725850582,2010.0114615634084,2024.658065289259,0,0
fmtlib__fmt-2317,fmtlib/fmt,C++/C,dense,Qwen/Qwen3-Reranker-4B,100,0.0,0.0,1.0,0.0,0.0,0.0,0.0,15.414879657328129,2685.3578500449657,2700.772729702294,0,0
fmtlib__fmt-3248,fmtlib/fmt,C++/C,dense,Qwen/Qwen3-Reranker-4B,100,1.0,0.0,1.0,1.0,1.0,1.0,0.5,15.617636032402515,2254.1041681542993,2269.721804186702,0,0
gin-gonic__gin-1805,gin-gonic/gin,Go,dense,Qwen/Qwen3-Reranker-4B,100,1.0,0.0,1.0,1.0,1.0,1.0,0.2,15.591854229569435,2135.6700342148542,2151.2618884444237,0,0
gin-gonic__gin-2121,gin-gonic/gin,Go,dense,Qwen/Qwen3-Reranker-4B,100,1.0,0.0,1.0,1.0,1.0,1.0,0.5,18.223951570689678,4043.0749971419573,4061.298948712647,0,0
gin-gonic__gin-2755,gin-gonic/gin,Go,dense,Qwen/Qwen3-Reranker-4B,100,1.0,0.0,1.0,1.0,1.0,1.0,0.25,22.13623747229576,5041.474005207419,5063.610242679715,0,0
gin-gonic__gin-3741,gin-gonic/gin,Go,dense,Qwen/Qwen3-Reranker-4B,100,1.0,1.0,1.0,1.0,1.0,1.0,1.0,15.487348660826683,2145.2957363799214,2160.783085040748,0,0
gin-gonic__gin-3820,gin-gonic/gin,Go,dense,Qwen/Qwen3-Reranker-4B,100,0.0,0.0,1.0,0.0,0.0,0.0,0.0,23.84063508361578,4996.853084303439,5020.693719387054,0,0
gohugoio__hugo-12171,gohugoio/hugo,Go,dense,Qwen/Qwen3-Reranker-4B,100,1.0,0.0,1.0,1.0,1.0,1.0,0.5,22.26468827575445,7439.886920154095,7462.151608429849,0,0
gohugoio__hugo-12343,gohugoio/hugo,Go,dense,Qwen/Qwen3-Reranker-4B,100,0.0,0.0,1.0,0.0,0.0,0.0,0.0,17.58116390556097,3486.396483145654,3503.977647051215,0,0
gohugoio__hugo-12448,gohugoio/hugo,Go,dense,Qwen/Qwen3-Reranker-4B,100,0.0,0.0,0.0,0.0,0.0,0.0,0.0,18.582475371658802,5570.530119352043,5589.1125947237015,0,0
gohugoio__hugo-12562,gohugoio/hugo,Go,dense,Qwen/Qwen3-Reranker-4B,100,0.0,0.0,0.0,0.0,0.0,0.0,0.0,18.898475915193558,4965.385468676686,4984.28394459188,0,0
gohugoio__hugo-12579,gohugoio/hugo,Go,dense,Qwen/Qwen3-Reranker-4B,100,1.0,1.0,1.0,1.0,1.0,1.0,1.0,10.489770211279392,3465.0033498182893,3475.4931200295687,0,0
hashicorp__terraform-34814,hashicorp/terraform,Go,dense,Qwen/Qwen3-Reranker-4B,100,0.0,0.0,1.0,0.0,0.0,0.0,0.0,16.12797100096941,6667.471603490412,6683.599574491382,0,0
hashicorp__terraform-35611,hashicorp/terraform,Go,dense,Qwen/Qwen3-Reranker-4B,100,0.0,0.0,0.0,0.0,0.0,0.0,0.0,30.721191316843033,12012.191225774586,12042.91241709143,0,0
jqlang__jq-2235,jqlang/jq,C++/C,dense,Qwen/Qwen3-Reranker-4B,100,0.0,0.0,1.0,0.0,0.0,0.0,0.0,15.683095902204514,3438.881542533636,3454.5646384358406,0,0
jqlang__jq-2598,jqlang/jq,C++/C,dense,Qwen/Qwen3-Reranker-4B,100,0.75,0.25,0.3333333333333333,0.25,0.0,0.25,1.0,15.895034186542034,4654.955759644508,4670.85079383105,0,0
jqlang__jq-2658,jqlang/jq,C++/C,dense,Qwen/Qwen3-Reranker-4B,100,1.0,0.0,1.0,1.0,1.0,1.0,0.25,15.65017644315958,4166.68307967484,4182.333256118,0,0
jqlang__jq-2728,jqlang/jq,C++/C,dense,Qwen/Qwen3-Reranker-4B,100,1.0,1.0,1.0,1.0,1.0,1.0,1.0,15.543651767075062,2708.1555584445596,2723.6992102116346,0,0
jqlang__jq-2750,jqlang/jq,C++/C,dense,Qwen/Qwen3-Reranker-4B,100,1.0,0.25,0.5,0.75,0.0,1.0,1.0,16.249013133347034,4727.369481697679,4743.618494831026,0,0
matplotlib__matplotlib-13989,matplotlib/matplotlib,Python,dense,Qwen/Qwen3-Reranker-4B,100,1.0,1.0,1.0,1.0,1.0,1.0,1.0,13.739204034209251,5505.007375963032,5518.7465799972415,0,0
matplotlib__matplotlib-14623,matplotlib/matplotlib,Python,dense,Qwen/Qwen3-Reranker-4B,100,0.3333333333333333,0.0,0.6666666666666666,0.0,0.0,0.0,0.07692307692307693,22.738244384527206,3487.188331782818,3509.926576167345,0,0
matplotlib__matplotlib-20488,matplotlib/matplotlib,Python,dense,Qwen/Qwen3-Reranker-4B,100,1.0,1.0,1.0,1.0,1.0,1.0,1.0,23.119395598769188,5364.7967437282205,5387.91613932699,0,0
matplotlib__matplotlib-20676,matplotlib/matplotlib,Python,dense,Qwen/Qwen3-Reranker-4B,100,1.0,0.0,1.0,0.0,0.0,0.0,0.08333333333333333,19.908721558749676,3294.1920151934028,3314.1007367521524,0,0
micropython__micropython-10095,micropython/micropython,C++/C,dense,Qwen/Qwen3-Reranker-4B,100,1.0,0.0,1.0,1.0,1.0,1.0,0.3333333333333333,15.772164799273014,3188.536354340613,3204.308519139886,0,0
micropython__micropython-13039,micropython/micropython,C++/C,dense,Qwen/Qwen3-Reranker-4B,100,1.0,1.0,1.0,1.0,1.0,1.0,1.0,33.256477676332,11973.415077663958,12006.67155534029,0,0
micropython__micropython-13569,micropython/micropython,C++/C,dense,Qwen/Qwen3-Reranker-4B,100,0.0,0.0,0.0,0.0,0.0,0.0,0.0,29.22299038618803,2725.5812864750624,2754.8042768612504,0,0
micropython__micropython-15898,micropython/micropython,C++/C,dense,Qwen/Qwen3-Reranker-4B,100,1.0,1.0,1.0,1.0,1.0,1.0,1.0,13.888482935726643,3423.107092268765,3436.9955752044916,0,0
nushell__nushell-12901,nushell/nushell,Rust,dense,Qwen/Qwen3-Reranker-4B,100,0.0,0.0,0.0,0.0,0.0,0.0,0.0,20.315025933086872,4607.306607067585,4627.621633000672,0,0
nushell__nushell-12950,nushell/nushell,Rust,dense,Qwen/Qwen3-Reranker-4B,100,0.0,0.0,0.0,0.0,0.0,0.0,0.0,19.018308259546757,3986.2183248624206,4005.2366331219673,0,0
nushell__nushell-13605,nushell/nushell,Rust,dense,Qwen/Qwen3-Reranker-4B,100,1.0,0.5,1.0,1.0,1.0,1.0,1.0,20.733547396957874,4551.197391934693,4571.930939331651,0,0
nushell__nushell-13831,nushell/nushell,Rust,dense,Qwen/Qwen3-Reranker-4B,100,1.0,0.16666666666666666,1.0,0.8333333333333334,0.0,1.0,1.0,21.576454862952232,5937.634934671223,5959.211389534175,0,0
preactjs__preact-2757,preactjs/preact,TypeScript/JavaScript,dense,Qwen/Qwen3-Reranker-4B,100,0.0,0.0,1.0,0.0,0.0,0.0,0.0,16.62387792021036,2636.63562387228,2653.2595017924905,0,0
preactjs__preact-2896,preactjs/preact,TypeScript/JavaScript,dense,Qwen/Qwen3-Reranker-4B,100,0.0,0.0,1.0,0.0,0.0,0.0,0.0,13.829929754137993,3969.3009285256267,3983.1308582797647,0,0
preactjs__preact-2927,preactjs/preact,TypeScript/JavaScript,dense,Qwen/Qwen3-Reranker-4B,100,1.0,1.0,1.0,1.0,1.0,1.0,1.0,13.961849734187126,2666.28856677562,2680.250416509807,0,0
preactjs__preact-3567,preactjs/preact,TypeScript/JavaScript,dense,Qwen/Qwen3-Reranker-4B,100,1.0,0.2,0.5,0.6,0.0,0.6,1.0,13.375462032854557,2971.842298284173,2985.2177603170276,0,0
prometheus__prometheus-10633,prometheus/prometheus,Go,dense,Qwen/Qwen3-Reranker-4B,100,1.0,1.0,0.5,1.0,1.0,1.0,1.0,15.381960198283195,8175.801524892449,8191.183485090733,0,0
prometheus__prometheus-11859,prometheus/prometheus,Go,dense,Qwen/Qwen3-Reranker-4B,100,0.0,0.0,0.0,0.0,0.0,0.0,0.0,213.107043877244,89095.0660565868,89308.17310046405,0,0
prometheus__prometheus-14861,prometheus/prometheus,Go,dense,Qwen/Qwen3-Reranker-4B,100,1.0,1.0,1.0,1.0,1.0,1.0,1.0,13.048054650425911,6577.72764377296,6590.775698423386,0,0
prometheus__prometheus-15142,prometheus/prometheus,Go,dense,Qwen/Qwen3-Reranker-4B,100,0.6,0.2,1.0,0.2,0.0,0.4,1.0,14.588897116482258,5547.1720062196255,5561.760903336108,0,0
pydata__xarray-2905,pydata/xarray,Python,dense,Qwen/Qwen3-Reranker-4B,100,1.0,0.0,1.0,1.0,1.0,1.0,0.3333333333333333,19.39001027494669,5081.2874045223,5100.6774147972465,0,0
pydata__xarray-3151,pydata/xarray,Python,dense,Qwen/Qwen3-Reranker-4B,100,1.0,1.0,1.0,1.0,1.0,1.0,1.0,20.43644618242979,6381.2300786376,6401.66652482003,0,0
pydata__xarray-3305,pydata/xarray,Python,dense,Qwen/Qwen3-Reranker-4B,100,1.0,0.0,1.0,1.0,1.0,1.0,0.5,18.017679452896118,5439.120132476091,5457.1378119289875,0,0
pydata__xarray-6992,pydata/xarray,Python,dense,Qwen/Qwen3-Reranker-4B,100,0.6666666666666666,0.0,1.0,0.0,0.0,0.3333333333333333,0.1,20.38026787340641,5355.044364929199,5375.424632802606,0,0
redis__redis-10068,redis/redis,C++/C,dense,Qwen/Qwen3-Reranker-4B,100,1.0,0.3333333333333333,1.0,0.3333333333333333,0.0,0.3333333333333333,1.0,21.78184036165476,6966.185814701021,6987.9676550626755,0,0
redis__redis-10095,redis/redis,C++/C,dense,Qwen/Qwen3-Reranker-4B,100,1.0,1.0,1.0,1.0,1.0,1.0,1.0,9.750725701451302,4513.572584837675,4523.323310539126,0,0
redis__redis-11631,redis/redis,C++/C,dense,Qwen/Qwen3-Reranker-4B,100,0.0,0.0,0.0,0.0,0.0,0.0,0.0,22.53191638737917,7002.184167504311,7024.71608389169,0,0
redis__redis-11734,redis/redis,C++/C,dense,Qwen/Qwen3-Reranker-4B,100,1.0,0.5,1.0,1.0,1.0,1.0,1.0,19.92959063500166,4033.088873140514,4053.0184637755156,0,0
redis__redis-13338,redis/redis,C++/C,dense,Qwen/Qwen3-Reranker-4B,100,0.0,0.0,1.0,0.0,0.0,0.0,0.0,42.107160203158855,16944.2688934505,16986.376053653657,0,0
scikit-learn__scikit-learn-10297,scikit-learn/scikit-learn,Python,dense,Qwen/Qwen3-Reranker-4B,100,1.0,1.0,1.0,1.0,1.0,1.0,1.0,18.06028187274933,4552.256163209677,4570.316445082426,0,0
scikit-learn__scikit-learn-10844,scikit-learn/scikit-learn,Python,dense,Qwen/Qwen3-Reranker-4B,100,1.0,1.0,1.0,1.0,1.0,1.0,1.0,19.66218836605549,6105.866754427552,6125.528942793608,0,0
scikit-learn__scikit-learn-10908,scikit-learn/scikit-learn,Python,dense,Qwen/Qwen3-Reranker-4B,100,1.0,1.0,1.0,1.0,1.0,1.0,1.0,18.4712503105402,4547.751245088875,4566.2224953994155,0,0
scikit-learn__scikit-learn-13142,scikit-learn/scikit-learn,Python,dense,Qwen/Qwen3-Reranker-4B,100,1.0,0.0,1.0,1.0,1.0,1.0,0.5,24.940194562077522,7423.279345035553,7448.2195395976305,0,0
sharkdp__bat-2201,sharkdp/bat,Rust,dense,Qwen/Qwen3-Reranker-4B,100,1.0,0.0,0.5,1.0,1.0,1.0,0.5,23.7363213673234,5954.301434569061,5978.037755936384,0,0
sharkdp__bat-2260,sharkdp/bat,Rust,dense,Qwen/Qwen3-Reranker-4B,100,1.0,1.0,0.5,1.0,1.0,1.0,1.0,22.6888507604599,6055.7294534519315,6078.418304212391,0,0
sharkdp__bat-2650,sharkdp/bat,Rust,dense,Qwen/Qwen3-Reranker-4B,100,1.0,0.0,0.5,1.0,1.0,1.0,0.5,40.11560045182705,9581.717167049646,9621.832767501473,0,0
sharkdp__bat-3108,sharkdp/bat,Rust,dense,Qwen/Qwen3-Reranker-4B,100,1.0,0.5,0.3333333333333333,0.5,0.0,0.5,1.0,17.113549634814262,3724.088640883565,3741.202190518379,0,0
sympy__sympy-11618,sympy/sympy,Python,dense,Qwen/Qwen3-Reranker-4B,100,1.0,1.0,1.0,1.0,1.0,1.0,1.0,10.707066394388676,1991.6397174820304,2002.346783876419,0,0
sympy__sympy-12096,sympy/sympy,Python,dense,Qwen/Qwen3-Reranker-4B,100,1.0,1.0,1.0,1.0,1.0,1.0,1.0,10.951893404126167,3561.7865920066833,3572.7384854108095,0,0
sympy__sympy-12419,sympy/sympy,Python,dense,Qwen/Qwen3-Reranker-4B,100,0.5,0.0,0.0,0.0,0.0,0.5,0.1,21.17069438099861,2705.005140043795,2726.1758344247937,0,0
sympy__sympy-13031,sympy/sympy,Python,dense,Qwen/Qwen3-Reranker-4B,100,0.0,0.0,0.0,0.0,0.0,0.0,0.0,20.582208409905434,3281.0251619666815,3301.607370376587,0,0
tokio-rs__tokio-4898,tokio-rs/tokio,Rust,dense,Qwen/Qwen3-Reranker-4B,100,1.0,1.0,1.0,1.0,1.0,1.0,1.0,19.064531661570072,2169.375400058925,2188.439931720495,0,0
tokio-rs__tokio-6551,tokio-rs/tokio,Rust,dense,Qwen/Qwen3-Reranker-4B,100,1.0,0.0,1.0,1.0,1.0,1.0,0.5,18.028313294053078,2885.956235229969,2903.984548524022,0,0
tokio-rs__tokio-6603,tokio-rs/tokio,Rust,dense,Qwen/Qwen3-Reranker-4B,100,1.0,0.0,0.0,0.0,0.0,0.0,0.08333333333333333,19.048425368964672,2936.810966581106,2955.859391950071,0,0
tokio-rs__tokio-6752,tokio-rs/tokio,Rust,dense,Qwen/Qwen3-Reranker-4B,100,1.0,0.0,1.0,1.0,1.0,1.0,0.5,18.72833538800478,3705.2263412624598,3723.9546766504645,0,0
uutils__coreutils-6575,uutils/coreutils,Rust,dense,Qwen/Qwen3-Reranker-4B,100,0.8,0.2,0.5,0.6,0.0,0.6,1.0,22.722534835338593,3397.1090130507946,3419.831547886133,0,0
uutils__coreutils-6682,uutils/coreutils,Rust,dense,Qwen/Qwen3-Reranker-4B,100,1.0,0.5,1.0,1.0,1.0,1.0,1.0,17.79234316200018,4255.887969397008,4273.680312559009,0,0
uutils__coreutils-6690,uutils/coreutils,Rust,dense,Qwen/Qwen3-Reranker-4B,100,1.0,1.0,1.0,1.0,1.0,1.0,1.0,16.09975378960371,3002.5365529581904,3018.636306747794,0,0
uutils__coreutils-6731,uutils/coreutils,Rust,dense,Qwen/Qwen3-Reranker-4B,100,1.0,1.0,1.0,1.0,1.0,1.0,1.0,16.343070194125175,3118.192349560559,3134.535419754684,0,0
valkey-io__valkey-1842,valkey-io/valkey,C++/C,dense,Qwen/Qwen3-Reranker-4B,100,1.0,0.0,1.0,1.0,1.0,1.0,0.2,11.694923974573612,4170.436701737344,4182.131625711918,0,0
valkey-io__valkey-790,valkey-io/valkey,C++/C,dense,Qwen/Qwen3-Reranker-4B,100,1.0,0.5,1.0,1.0,1.0,1.0,1.0,28.505333699285984,11218.38331501931,11246.888648718596,0,0
valkey-io__valkey-928,valkey-io/valkey,C++/C,dense,Qwen/Qwen3-Reranker-4B,100,0.0,0.0,1.0,0.0,0.0,0.0,0.0,180.45193422585726,12118.83392278105,12299.285857006907,0,0
vuejs__core-11589,vuejs/core,TypeScript/JavaScript,dense,Qwen/Qwen3-Reranker-4B,100,0.3333333333333333,0.3333333333333333,0.5,0.3333333333333333,0.0,0.3333333333333333,1.0,23.27750902622938,8183.952081017196,8207.229590043426,0,0
vuejs__core-11870,vuejs/core,TypeScript/JavaScript,dense,Qwen/Qwen3-Reranker-4B,100,1.0,1.0,1.0,1.0,1.0,1.0,1.0,18.899398855865,6595.967677421868,6614.867076277733,0,0
vuejs__core-11915,vuejs/core,TypeScript/JavaScript,dense,Qwen/Qwen3-Reranker-4B,100,0.0,0.0,1.0,0.0,0.0,0.0,0.0,15.4569111764431,2566.552495583892,2582.009406760335,0,0
astral-sh__ruff-15309,astral-sh/ruff,Rust,dense,typesafe/jev-1.13,100,1.0,0.0,1.0,1.0,1.0,1.0,0.5,13.166451826691628,3040.5529495328665,3053.719401359558,0.001559124,0
astral-sh__ruff-15330,astral-sh/ruff,Rust,dense,typesafe/jev-1.13,100,1.0,0.5,1.0,0.5,0.0,1.0,1.0,19.54665407538414,2787.394710816443,2806.941364891827,0.001904574,0
astral-sh__ruff-15356,astral-sh/ruff,Rust,dense,typesafe/jev-1.13,100,0.0,0.0,0.0,0.0,0.0,0.0,0.0,20.56088950484991,3112.9392655566335,3133.5001550614834,0.0028791,0
astral-sh__ruff-15443,astral-sh/ruff,Rust,dense,typesafe/jev-1.13,100,1.0,0.5,1.0,1.0,1.0,1.0,1.0,13.793246820569038,3082.3444426059723,3096.1376894265413,0.002209536,0
astropy__astropy-12907,astropy/astropy,Python,dense,typesafe/jev-1.13,100,1.0,0.0,1.0,1.0,1.0,1.0,0.5,13.222843408584595,2618.9956357702613,2632.218479178846,0.0019353179999999999,0
astropy__astropy-13033,astropy/astropy,Python,dense,typesafe/jev-1.13,100,1.0,1.0,1.0,1.0,1.0,1.0,1.0,19.793621264398098,3210.308658890426,3230.1022801548243,0.0029228220000000003,0
astropy__astropy-13236,astropy/astropy,Python,dense,typesafe/jev-1.13,100,1.0,1.0,1.0,1.0,1.0,1.0,1.0,13.759388588368893,3050.0001246109605,3063.7595131993294,0.0023512859999999997,0
astropy__astropy-13579,astropy/astropy,Python,dense,typesafe/jev-1.13,100,1.0,1.0,1.0,1.0,1.0,1.0,1.0,38.846706971526146,3284.2704970389605,3323.1172040104866,0.003696294,0
axios__axios-4731,axios/axios,TypeScript/JavaScript,dense,typesafe/jev-1.13,100,1.0,1.0,1.0,1.0,1.0,1.0,1.0,15.10216947644949,3739.6769374608994,3754.779106937349,0.0015095220000000001,0
axios__axios-4738,axios/axios,TypeScript/JavaScript,dense,typesafe/jev-1.13,100,1.0,1.0,1.0,1.0,1.0,1.0,1.0,16.87577459961176,3455.6050756946206,3472.4808502942324,0.001643166,0
axios__axios-5085,axios/axios,TypeScript/JavaScript,dense,typesafe/jev-1.13,100,1.0,0.0,0.5,1.0,1.0,1.0,0.5,14.559183269739151,2869.8383402079344,2884.3975234776735,0.001688778,0
axios__axios-6539,axios/axios,TypeScript/JavaScript,dense,typesafe/jev-1.13,100,1.0,0.0,1.0,1.0,1.0,1.0,0.3333333333333333,21.404540166258812,2807.2710931301117,2828.6756332963705,0.001773828,0
babel__babel-13928,babel/babel,TypeScript/JavaScript,dense,typesafe/jev-1.13,100,0.0,0.0,1.0,0.0,0.0,0.0,0.0,17.638112418353558,2902.7763111516833,2920.414423570037,0.0020740019999999997,0
babel__babel-14532,babel/babel,TypeScript/JavaScript,dense,typesafe/jev-1.13,100,0.0,0.0,0.0,0.0,0.0,0.0,0.0,19.4429699331522,3158.798568882048,3178.2415388152003,0.0028021559999999997,0
babel__babel-15445,babel/babel,TypeScript/JavaScript,dense,typesafe/jev-1.13,100,1.0,1.0,1.0,1.0,1.0,1.0,1.0,44.385943561792374,3186.304879374802,3230.6908229365945,0.004002138,0
babel__babel-15649,babel/babel,TypeScript/JavaScript,dense,typesafe/jev-1.13,100,1.0,0.0,1.0,1.0,1.0,1.0,0.3333333333333333,15.161419287323952,3038.095879368484,3053.257298655808,0.0021874019999999997,0
caddyserver__caddy-4943,caddyserver/caddy,Go,dense,typesafe/jev-1.13,100,1.0,1.0,1.0,1.0,1.0,1.0,1.0,24.243234656751156,3816.434545442462,3840.677780099213,0.003008082,0
caddyserver__caddy-5404,caddyserver/caddy,Go,dense,typesafe/jev-1.13,100,0.0,0.0,1.0,0.0,0.0,0.0,0.0,36.22135892510414,4003.886427730322,4040.107786655426,0.0044163,0
caddyserver__caddy-5761,caddyserver/caddy,Go,dense,typesafe/jev-1.13,100,1.0,1.0,1.0,1.0,1.0,1.0,1.0,15.400108881294727,3171.488732099533,3186.888840980828,0.00256452,0
caddyserver__caddy-5870,caddyserver/caddy,Go,dense,typesafe/jev-1.13,100,0.0,0.0,0.0,0.0,0.0,0.0,0.0,17.1704376116395,3187.486513517797,3204.6569511294365,0.0034646219999999997,0
caddyserver__caddy-6115,caddyserver/caddy,Go,dense,typesafe/jev-1.13,100,1.0,1.0,1.0,1.0,1.0,1.0,1.0,16.252687200903893,3793.6919862404466,3809.9446734413505,0.0026864040000000003,0
facebook__docusaurus-10130,facebook/docusaurus,TypeScript/JavaScript,dense,typesafe/jev-1.13,100,1.0,1.0,1.0,1.0,1.0,1.0,1.0,23.97977188229561,3212.7667851746082,3236.746557056904,0.002481738,0
facebook__docusaurus-10309,facebook/docusaurus,TypeScript/JavaScript,dense,typesafe/jev-1.13,100,1.0,1.0,1.0,1.0,1.0,1.0,1.0,23.53011816740036,2626.968807540834,2650.4989257082343,0.002302818,0
facebook__docusaurus-8927,facebook/docusaurus,TypeScript/JavaScript,dense,typesafe/jev-1.13,100,1.0,0.0,0.0,0.0,0.0,0.0,0.047619047619047616,16.92291721701622,3194.5971995592117,3211.520116776228,0.0021631679999999996,0
facebook__docusaurus-9897,facebook/docusaurus,TypeScript/JavaScript,dense,typesafe/jev-1.13,100,0.0,0.0,0.0,0.0,0.0,0.0,0.0,16.487848944962025,3090.1609202846885,3106.6487692296505,0.002056782,0
fmtlib__fmt-2310,fmtlib/fmt,C++/C,dense,typesafe/jev-1.13,100,1.0,0.5,1.0,0.5,0.0,1.0,1.0,14.646603725850582,2587.7075428143144,2602.354146540165,0.0012672660000000002,0
fmtlib__fmt-2317,fmtlib/fmt,C++/C,dense,typesafe/jev-1.13,100,0.0,0.0,1.0,0.0,0.0,0.0,0.0,15.414879657328129,2815.0045163929462,2830.4193960502744,0.00129885,0
fmtlib__fmt-3248,fmtlib/fmt,C++/C,dense,typesafe/jev-1.13,100,1.0,1.0,1.0,1.0,1.0,1.0,1.0,15.617636032402515,2938.9574946835637,2954.575130715966,0.001372098,0
gin-gonic__gin-1805,gin-gonic/gin,Go,dense,typesafe/jev-1.13,100,1.0,1.0,1.0,1.0,1.0,1.0,1.0,15.591854229569435,2764.744888059795,2780.3367422893643,0.0013114080000000002,0
gin-gonic__gin-2121,gin-gonic/gin,Go,dense,typesafe/jev-1.13,100,1.0,1.0,1.0,1.0,1.0,1.0,1.0,18.223951570689678,3027.3522967472672,3045.576248317957,0.001759968,0
gin-gonic__gin-2755,gin-gonic/gin,Go,dense,typesafe/jev-1.13,100,1.0,1.0,1.0,1.0,1.0,1.0,1.0,22.13623747229576,2567.962236702442,2590.098474174738,0.0019188120000000002,0
gin-gonic__gin-3741,gin-gonic/gin,Go,dense,typesafe/jev-1.13,100,1.0,1.0,1.0,1.0,1.0,1.0,1.0,15.487348660826683,3562.8940276801586,3578.3813763409853,0.001603938,0
gin-gonic__gin-3820,gin-gonic/gin,Go,dense,typesafe/jev-1.13,100,0.0,0.0,0.0,0.0,0.0,0.0,0.0,23.84063508361578,3036.5517931059003,3060.392428189516,0.0018409019999999997,0
gohugoio__hugo-12171,gohugoio/hugo,Go,dense,typesafe/jev-1.13,100,1.0,1.0,1.0,1.0,1.0,1.0,1.0,22.26468827575445,3756.8415822461247,3779.106270521879,0.00359268,0
gohugoio__hugo-12343,gohugoio/hugo,Go,dense,typesafe/jev-1.13,100,0.0,0.0,1.0,0.0,0.0,0.0,0.0,17.58116390556097,2636.964550241828,2654.545714147389,0.002301726,0
gohugoio__hugo-12448,gohugoio/hugo,Go,dense,typesafe/jev-1.13,100,0.0,0.0,0.0,0.0,0.0,0.0,0.0,18.582475371658802,2944.6184979751706,2963.2009733468294,0.003025554,0
gohugoio__hugo-12562,gohugoio/hugo,Go,dense,typesafe/jev-1.13,100,0.0,0.0,0.0,0.0,0.0,0.0,0.0,18.898475915193558,2797.886242158711,2816.7847180739045,0.002669856,0
gohugoio__hugo-12579,gohugoio/hugo,Go,dense,typesafe/jev-1.13,100,1.0,1.0,1.0,1.0,1.0,1.0,1.0,10.489770211279392,3000.320218503475,3010.8099887147546,0.001800792,0
hashicorp__terraform-34814,hashicorp/terraform,Go,dense,typesafe/jev-1.13,100,0.0,0.0,1.0,0.0,0.0,0.0,0.0,16.12797100096941,4259.460690431297,4275.588661432266,0.003245466,0
hashicorp__terraform-35611,hashicorp/terraform,Go,dense,typesafe/jev-1.13,100,0.0,0.0,0.0,0.0,0.0,0.0,0.0,30.721191316843033,3495.9234427660704,3526.6446340829134,0.005665212,0
jqlang__jq-2235,jqlang/jq,C++/C,dense,typesafe/jev-1.13,100,0.0,0.0,1.0,0.0,0.0,0.0,0.0,15.683095902204514,2753.9532613009214,2769.636357203126,0.001793232,0
jqlang__jq-2598,jqlang/jq,C++/C,dense,typesafe/jev-1.13,100,0.75,0.25,0.3333333333333333,0.75,0.0,0.75,1.0,15.895034186542034,3031.4034326002,3047.298466786742,0.00227934,0
jqlang__jq-2658,jqlang/jq,C++/C,dense,typesafe/jev-1.13,100,1.0,0.0,1.0,1.0,1.0,1.0,0.3333333333333333,15.65017644315958,2707.398652099073,2723.0488285422325,0.002031624,0
jqlang__jq-2728,jqlang/jq,C++/C,dense,typesafe/jev-1.13,100,1.0,1.0,1.0,1.0,1.0,1.0,1.0,15.543651767075062,3038.683159276843,3054.226811043918,0.00133182,0
jqlang__jq-2750,jqlang/jq,C++/C,dense,typesafe/jev-1.13,100,1.0,0.25,0.5,1.0,1.0,1.0,1.0,16.249013133347034,3136.8682235479355,3153.1172366812825,0.002491482,0
matplotlib__matplotlib-13989,matplotlib/matplotlib,Python,dense,typesafe/jev-1.13,100,1.0,1.0,1.0,1.0,1.0,1.0,1.0,13.739204034209251,3346.035626716912,3359.774830751121,0.00311409,0
matplotlib__matplotlib-14623,matplotlib/matplotlib,Python,dense,typesafe/jev-1.13,100,0.3333333333333333,0.0,0.6666666666666666,0.16666666666666666,0.0,0.3333333333333333,0.5,22.738244384527206,2999.2854380980134,3022.0236824825406,0.0017044859999999998,0
matplotlib__matplotlib-20488,matplotlib/matplotlib,Python,dense,typesafe/jev-1.13,100,1.0,1.0,1.0,1.0,1.0,1.0,1.0,23.119395598769188,3238.923141732812,3262.042537331581,0.002246286,0
matplotlib__matplotlib-20676,matplotlib/matplotlib,Python,dense,typesafe/jev-1.13,100,1.0,0.0,1.0,0.0,0.0,1.0,0.1,19.908721558749676,2861.3372184336185,2881.245939992368,0.0016384199999999998,0
micropython__micropython-10095,micropython/micropython,C++/C,dense,typesafe/jev-1.13,100,1.0,0.0,1.0,0.0,0.0,1.0,0.14285714285714285,15.772164799273014,3120.8553574979305,3136.6275222972035,0.001657404,0
micropython__micropython-13039,micropython/micropython,C++/C,dense,typesafe/jev-1.13,100,1.0,1.0,1.0,1.0,1.0,1.0,1.0,33.256477676332,3630.138387903571,3663.394865579903,0.00486423,0
micropython__micropython-13569,micropython/micropython,C++/C,dense,typesafe/jev-1.13,100,0.0,0.0,0.0,0.0,0.0,0.0,0.0,29.22299038618803,3571.637189015746,3600.860179401934,0.001573194,0
micropython__micropython-15898,micropython/micropython,C++/C,dense,typesafe/jev-1.13,100,1.0,1.0,1.0,1.0,1.0,1.0,1.0,13.888482935726643,3235.9852166846395,3249.873699620366,0.00180117,0
nushell__nushell-12901,nushell/nushell,Rust,dense,typesafe/jev-1.13,100,0.0,0.0,0.0,0.0,0.0,0.0,0.0,20.315025933086872,3673.8658603280783,3694.180886261165,0.00186228,0
nushell__nushell-12950,nushell/nushell,Rust,dense,typesafe/jev-1.13,100,0.0,0.0,0.0,0.0,0.0,0.0,0.0,19.018308259546757,3311.2575225532055,3330.2758308127522,0.0018581220000000002,0
nushell__nushell-13605,nushell/nushell,Rust,dense,typesafe/jev-1.13,100,1.0,0.5,1.0,1.0,1.0,1.0,1.0,20.733547396957874,3428.5618225112557,3449.2953699082136,0.0020843759999999998,0
nushell__nushell-13831,nushell/nushell,Rust,dense,typesafe/jev-1.13,100,1.0,0.16666666666666666,1.0,0.5,0.0,0.8333333333333334,1.0,21.576454862952232,3526.862831786275,3548.439286649227,0.002225202,0
preactjs__preact-2757,preactjs/preact,TypeScript/JavaScript,dense,typesafe/jev-1.13,100,0.0,0.0,0.0,0.0,0.0,0.0,0.0,16.62387792021036,3260.7267247512937,3277.350602671504,0.0013357260000000002,0
preactjs__preact-2896,preactjs/preact,TypeScript/JavaScript,dense,typesafe/jev-1.13,100,0.0,0.0,1.0,0.0,0.0,0.0,0.0,13.829929754137993,2818.1643644347787,2831.9942941889167,0.001652658,0
preactjs__preact-2927,preactjs/preact,TypeScript/JavaScript,dense,typesafe/jev-1.13,100,1.0,1.0,1.0,1.0,1.0,1.0,1.0,13.961849734187126,3552.2639714181423,3566.2258211523294,0.0014811720000000002,0
preactjs__preact-3567,preactjs/preact,TypeScript/JavaScript,dense,typesafe/jev-1.13,100,1.0,0.2,0.5,0.4,0.0,0.6,1.0,13.375462032854557,3056.0245104134083,3069.399972446263,0.001536066,0
prometheus__prometheus-10633,prometheus/prometheus,Go,dense,typesafe/jev-1.13,100,1.0,1.0,0.5,1.0,1.0,1.0,1.0,15.381960198283195,3709.633749909699,3725.015710107982,0.004062282,0
prometheus__prometheus-11859,prometheus/prometheus,Go,dense,typesafe/jev-1.13,100,0.0,0.0,0.0,0.0,0.0,0.0,0.0,213.107043877244,3897.069645114243,4110.176688991487,0.008581944,0
prometheus__prometheus-14861,prometheus/prometheus,Go,dense,typesafe/jev-1.13,100,1.0,0.0,1.0,1.0,1.0,1.0,0.5,13.048054650425911,3168.1967237964272,3181.244778446853,0.002796696,0
prometheus__prometheus-15142,prometheus/prometheus,Go,dense,typesafe/jev-1.13,100,0.6,0.2,1.0,0.2,0.0,0.2,1.0,14.588897116482258,3067.040200345218,3081.6290974617004,0.0032155200000000004,0
pydata__xarray-2905,pydata/xarray,Python,dense,typesafe/jev-1.13,100,1.0,0.0,1.0,0.0,0.0,0.0,0.010869565217391304,19.39001027494669,32552.33269557357,32571.722705848515,0.00163821,1
pydata__xarray-3151,pydata/xarray,Python,dense,typesafe/jev-1.13,100,1.0,1.0,1.0,1.0,1.0,1.0,1.0,20.43644618242979,3634.303744882345,3654.740191064775,0.002627436,0
pydata__xarray-3305,pydata/xarray,Python,dense,typesafe/jev-1.13,100,1.0,0.0,1.0,1.0,1.0,1.0,0.5,18.017679452896118,3287.2263975441456,3305.2440769970417,0.002132928,0
pydata__xarray-6992,pydata/xarray,Python,dense,typesafe/jev-1.13,100,0.6666666666666666,0.0,1.0,0.6666666666666666,0.0,0.6666666666666666,0.25,20.38026787340641,3150.9228982031345,3171.303166076541,0.002364474,0
redis__redis-10068,redis/redis,C++/C,dense,typesafe/jev-1.13,100,1.0,0.3333333333333333,1.0,0.3333333333333333,0.0,0.3333333333333333,1.0,21.78184036165476,3505.2071986719966,3526.9890390336514,0.0027970320000000005,0
redis__redis-10095,redis/redis,C++/C,dense,typesafe/jev-1.13,100,1.0,1.0,1.0,1.0,1.0,1.0,1.0,9.750725701451302,2990.6671717762947,3000.417897477746,0.0022802219999999997,0
redis__redis-11631,redis/redis,C++/C,dense,typesafe/jev-1.13,100,0.0,0.0,0.0,0.0,0.0,0.0,0.0,22.53191638737917,3004.3614199385047,3026.893336325884,0.002895228,0
redis__redis-11734,redis/redis,C++/C,dense,typesafe/jev-1.13,100,1.0,0.5,1.0,0.5,0.0,1.0,1.0,19.92959063500166,3280.166677199304,3300.0962678343058,0.0025642259999999997,0
redis__redis-13338,redis/redis,C++/C,dense,typesafe/jev-1.13,100,0.0,0.0,1.0,0.0,0.0,0.0,0.0,42.107160203158855,3991.91608466208,4034.0232448652387,0.005437488000000001,0
scikit-learn__scikit-learn-10297,scikit-learn/scikit-learn,Python,dense,typesafe/jev-1.13,100,1.0,1.0,1.0,1.0,1.0,1.0,1.0,18.06028187274933,3132.540801540017,3150.6010834127665,0.0024525479999999997,0
scikit-learn__scikit-learn-10844,scikit-learn/scikit-learn,Python,dense,typesafe/jev-1.13,100,1.0,1.0,1.0,1.0,1.0,1.0,1.0,19.66218836605549,3720.7245836034417,3740.386771969497,0.003103758,0
scikit-learn__scikit-learn-10908,scikit-learn/scikit-learn,Python,dense,typesafe/jev-1.13,100,1.0,1.0,1.0,1.0,1.0,1.0,1.0,18.4712503105402,3193.710094317794,3212.181344628334,0.002234946,0
scikit-learn__scikit-learn-13142,scikit-learn/scikit-learn,Python,dense,typesafe/jev-1.13,100,1.0,1.0,1.0,1.0,1.0,1.0,1.0,24.940194562077522,3264.6898198872805,3289.630014449358,0.002496354,0
sharkdp__bat-2201,sharkdp/bat,Rust,dense,typesafe/jev-1.13,100,1.0,0.0,0.5,1.0,1.0,1.0,0.5,23.7363213673234,3375.1497389748693,3398.8860603421926,0.00207963,0
sharkdp__bat-2260,sharkdp/bat,Rust,dense,typesafe/jev-1.13,100,1.0,0.0,0.5,1.0,1.0,1.0,0.2,22.6888507604599,3359.8008090630174,3382.4896598234773,0.002154726,0
sharkdp__bat-2650,sharkdp/bat,Rust,dense,typesafe/jev-1.13,100,1.0,1.0,0.5,1.0,1.0,1.0,1.0,40.11560045182705,3205.206625163555,3245.322225615382,0.0026123159999999995,0
sharkdp__bat-3108,sharkdp/bat,Rust,dense,typesafe/jev-1.13,100,1.0,0.5,0.6666666666666666,0.5,0.0,1.0,1.0,17.113549634814262,2852.400821633637,2869.514371268451,0.0018628260000000002,0
sympy__sympy-11618,sympy/sympy,Python,dense,typesafe/jev-1.13,100,1.0,1.0,1.0,1.0,1.0,1.0,1.0,10.707066394388676,2749.537380412221,2760.2444468066096,0.0015180900000000002,0
sympy__sympy-12096,sympy/sympy,Python,dense,typesafe/jev-1.13,100,1.0,1.0,1.0,1.0,1.0,1.0,1.0,10.951893404126167,2985.4741878807545,2996.4260812848806,0.00193872,0
sympy__sympy-12419,sympy/sympy,Python,dense,typesafe/jev-1.13,100,0.5,0.0,1.0,0.5,0.0,0.5,0.5,21.17069438099861,3013.7154711410403,3034.886165522039,0.0014693279999999998,0
sympy__sympy-13031,sympy/sympy,Python,dense,typesafe/jev-1.13,100,0.0,0.0,0.0,0.0,0.0,0.0,0.0,20.582208409905434,4173.999914899468,4194.582123309374,0.0017230919999999999,0
tokio-rs__tokio-4898,tokio-rs/tokio,Rust,dense,typesafe/jev-1.13,100,1.0,1.0,1.0,1.0,1.0,1.0,1.0,19.064531661570072,2655.03659658134,2674.10112824291,0.0013005719999999998,0
tokio-rs__tokio-6551,tokio-rs/tokio,Rust,dense,typesafe/jev-1.13,100,1.0,0.5,1.0,1.0,1.0,1.0,1.0,18.028313294053078,3580.7746136561036,3598.8029269501567,0.0014773079999999999,0
tokio-rs__tokio-6603,tokio-rs/tokio,Rust,dense,typesafe/jev-1.13,100,1.0,0.0,1.0,1.0,1.0,1.0,0.3333333333333333,19.048425368964672,2934.7584629431367,2953.8068883121014,0.001400952,0
tokio-rs__tokio-6752,tokio-rs/tokio,Rust,dense,typesafe/jev-1.13,100,1.0,1.0,1.0,1.0,1.0,1.0,1.0,18.72833538800478,3077.0790679380298,3095.8074033260345,0.0017472840000000002,0
uutils__coreutils-6575,uutils/coreutils,Rust,dense,typesafe/jev-1.13,100,0.8,0.2,0.5,0.2,0.0,0.4,1.0,22.722534835338593,3671.526509337127,3694.249044172466,0.002543226,0
uutils__coreutils-6682,uutils/coreutils,Rust,dense,typesafe/jev-1.13,100,1.0,0.5,1.0,1.0,1.0,1.0,1.0,17.79234316200018,2718.5730766505003,2736.3654198125005,0.0020302799999999998,0
uutils__coreutils-6690,uutils/coreutils,Rust,dense,typesafe/jev-1.13,100,1.0,1.0,1.0,1.0,1.0,1.0,1.0,16.09975378960371,3309.913096949458,3326.012850739062,0.001707804,0
uutils__coreutils-6731,uutils/coreutils,Rust,dense,typesafe/jev-1.13,100,1.0,1.0,1.0,1.0,1.0,1.0,1.0,16.343070194125175,2829.9428587779403,2846.2859289720654,0.001902726,0
valkey-io__valkey-1842,valkey-io/valkey,C++/C,dense,typesafe/jev-1.13,100,1.0,1.0,1.0,1.0,1.0,1.0,1.0,11.694923974573612,3651.049598120153,3662.7445220947266,0.0020973959999999996,0
valkey-io__valkey-790,valkey-io/valkey,C++/C,dense,typesafe/jev-1.13,100,1.0,0.5,1.0,1.0,1.0,1.0,1.0,28.505333699285984,2986.694519408047,3015.199853107333,0.0036235080000000005,0
valkey-io__valkey-928,valkey-io/valkey,C++/C,dense,typesafe/jev-1.13,100,0.0,0.0,1.0,0.0,0.0,0.0,0.0,180.45193422585726,2690.036239102483,2870.48817332834,0.0028078680000000003,0
vuejs__core-11589,vuejs/core,TypeScript/JavaScript,dense,typesafe/jev-1.13,100,0.3333333333333333,0.3333333333333333,1.0,0.3333333333333333,0.0,0.3333333333333333,1.0,23.27750902622938,3506.933060474694,3530.210569500923,0.0033724320000000003,0
vuejs__core-11870,vuejs/core,TypeScript/JavaScript,dense,typesafe/jev-1.13,100,1.0,1.0,1.0,1.0,1.0,1.0,1.0,18.899398855865,3733.7410552427173,3752.6404540985823,0.002632266,0
vuejs__core-11915,vuejs/core,TypeScript/JavaScript,dense,typesafe/jev-1.13,100,0.0,0.0,1.0,0.0,0.0,0.0,0.0,15.4569111764431,3087.341175414622,3102.798086591065,0.0016101120000000003,0
astral-sh__ruff-15309,astral-sh/ruff,Rust,hybrid,Qwen/Qwen3-Reranker-4B,100,1.0,0.0,1.0,1.0,1.0,1.0,0.3333333333333333,111.77358403801918,2913.976642303169,3025.750226341188,0,0
astral-sh__ruff-15330,astral-sh/ruff,Rust,hybrid,Qwen/Qwen3-Reranker-4B,100,1.0,0.5,1.0,1.0,1.0,1.0,1.0,397.75862358510494,6145.583504810929,6543.342128396034,0,0
astral-sh__ruff-15356,astral-sh/ruff,Rust,hybrid,Qwen/Qwen3-Reranker-4B,100,0.0,0.0,0.0,0.0,0.0,0.0,0.0,691.9642835855484,7827.388365752995,8519.352649338543,0,0
astral-sh__ruff-15443,astral-sh/ruff,Rust,hybrid,Qwen/Qwen3-Reranker-4B,100,1.0,0.5,1.0,1.0,1.0,1.0,1.0,263.31860572099686,4369.242645800114,4632.5612515211105,0,0
astropy__astropy-12907,astropy/astropy,Python,hybrid,Qwen/Qwen3-Reranker-4B,100,1.0,0.0,1.0,0.0,0.0,0.0,0.0625,281.89294692128897,4294.557604007423,4576.450550928712,0,0
astropy__astropy-13033,astropy/astropy,Python,hybrid,Qwen/Qwen3-Reranker-4B,100,1.0,1.0,1.0,1.0,1.0,1.0,1.0,667.2602584585547,6700.765813700855,7368.0260721594095,0,0
astropy__astropy-13236,astropy/astropy,Python,hybrid,Qwen/Qwen3-Reranker-4B,100,1.0,1.0,1.0,1.0,1.0,1.0,1.0,571.5388432145119,5096.370845101774,5667.909688316286,0,0
astropy__astropy-13579,astropy/astropy,Python,hybrid,Qwen/Qwen3-Reranker-4B,100,1.0,1.0,1.0,1.0,1.0,1.0,1.0,1886.7464922368526,11671.833767555654,13558.580259792507,0,0
axios__axios-4731,axios/axios,TypeScript/JavaScript,hybrid,Qwen/Qwen3-Reranker-4B,100,1.0,1.0,1.0,1.0,1.0,1.0,1.0,28.919651173055172,2951.308712363243,2980.2283635362983,0,0
axios__axios-4738,axios/axios,TypeScript/JavaScript,hybrid,Qwen/Qwen3-Reranker-4B,100,1.0,0.0,1.0,1.0,1.0,1.0,0.5,34.72695965319872,4251.024405471981,4285.751365125179,0,0
axios__axios-5085,axios/axios,TypeScript/JavaScript,hybrid,Qwen/Qwen3-Reranker-4B,100,1.0,0.0,0.5,1.0,1.0,1.0,0.3333333333333333,24.825903587043285,3140.8123774453998,3165.638281032443,0,0
axios__axios-6539,axios/axios,TypeScript/JavaScript,hybrid,Qwen/Qwen3-Reranker-4B,100,1.0,0.0,0.0,0.0,0.0,0.0,0.047619047619047616,38.35028223693371,5392.040916718543,5430.391198955476,0,0
babel__babel-13928,babel/babel,TypeScript/JavaScript,hybrid,Qwen/Qwen3-Reranker-4B,100,1.0,0.0,1.0,0.0,0.0,0.0,0.058823529411764705,112.42051608860493,3676.136801019311,3788.557317107916,0,0
babel__babel-14532,babel/babel,TypeScript/JavaScript,hybrid,Qwen/Qwen3-Reranker-4B,100,0.0,0.0,0.0,0.0,0.0,0.0,0.0,201.6996880993247,7007.3329247534275,7209.032612852752,0,0
babel__babel-15445,babel/babel,TypeScript/JavaScript,hybrid,Qwen/Qwen3-Reranker-4B,100,1.0,1.0,1.0,1.0,1.0,1.0,1.0,561.9318056851625,11879.38345503062,12441.315260715783,0,0
babel__babel-15649,babel/babel,TypeScript/JavaScript,hybrid,Qwen/Qwen3-Reranker-4B,100,1.0,0.0,1.0,1.0,1.0,1.0,0.3333333333333333,145.19310928881168,4103.853194974363,4249.0463042631745,0,0
caddyserver__caddy-4943,caddyserver/caddy,Go,hybrid,Qwen/Qwen3-Reranker-4B,100,1.0,0.0,1.0,1.0,1.0,1.0,0.5,139.9275977164507,9542.292701080441,9682.220298796892,0,0
caddyserver__caddy-5404,caddyserver/caddy,Go,hybrid,Qwen/Qwen3-Reranker-4B,100,1.0,0.5,1.0,0.5,0.0,1.0,1.0,167.8450657054782,11729.688110761344,11897.533176466823,0,0
caddyserver__caddy-5761,caddyserver/caddy,Go,hybrid,Qwen/Qwen3-Reranker-4B,100,1.0,1.0,1.0,1.0,1.0,1.0,1.0,31.573212705552578,3284.6009144559503,3316.174127161503,0,0
caddyserver__caddy-5870,caddyserver/caddy,Go,hybrid,Qwen/Qwen3-Reranker-4B,100,1.0,0.0,1.0,1.0,1.0,1.0,0.5,99.52336549758911,6017.026805318892,6116.550170816481,0,0
caddyserver__caddy-6115,caddyserver/caddy,Go,hybrid,Qwen/Qwen3-Reranker-4B,100,1.0,1.0,1.0,1.0,1.0,1.0,1.0,89.04877118766308,5148.587306961417,5237.63607814908,0,0
facebook__docusaurus-10130,facebook/docusaurus,TypeScript/JavaScript,hybrid,Qwen/Qwen3-Reranker-4B,100,1.0,1.0,1.0,1.0,1.0,1.0,1.0,195.191347040236,5682.346606627107,5877.537953667343,0,0
facebook__docusaurus-10309,facebook/docusaurus,TypeScript/JavaScript,hybrid,Qwen/Qwen3-Reranker-4B,100,1.0,0.0,1.0,1.0,1.0,1.0,0.25,175.55983178317547,6309.864709153771,6485.424540936947,0,0
facebook__docusaurus-8927,facebook/docusaurus,TypeScript/JavaScript,hybrid,Qwen/Qwen3-Reranker-4B,100,1.0,0.0,1.0,1.0,1.0,1.0,0.2,105.30685260891914,4758.082683198154,4863.389535807073,0,0
facebook__docusaurus-9897,facebook/docusaurus,TypeScript/JavaScript,hybrid,Qwen/Qwen3-Reranker-4B,100,0.0,0.0,0.0,0.0,0.0,0.0,0.0,100.07447004318237,5113.744754344225,5213.819224387407,0,0
fmtlib__fmt-2310,fmtlib/fmt,C++/C,hybrid,Qwen/Qwen3-Reranker-4B,100,1.0,0.5,1.0,1.0,1.0,1.0,1.0,34.302462823688984,2951.683805324137,2985.986268147826,0,0
fmtlib__fmt-2317,fmtlib/fmt,C++/C,hybrid,Qwen/Qwen3-Reranker-4B,100,0.0,0.0,1.0,0.0,0.0,0.0,0.0,33.93333591520786,3192.7862586453557,3226.7195945605636,0,0
fmtlib__fmt-3248,fmtlib/fmt,C++/C,hybrid,Qwen/Qwen3-Reranker-4B,100,1.0,0.0,1.0,1.0,1.0,1.0,0.5,32.191077247262,3216.8987104669213,3249.0897877141833,0,0
gin-gonic__gin-1805,gin-gonic/gin,Go,hybrid,Qwen/Qwen3-Reranker-4B,100,1.0,0.0,1.0,1.0,1.0,1.0,0.25,31.761364080011845,2632.5993118807673,2664.360675960779,0,0
gin-gonic__gin-2121,gin-gonic/gin,Go,hybrid,Qwen/Qwen3-Reranker-4B,100,1.0,0.0,1.0,1.0,1.0,1.0,0.5,61.76459416747093,4199.622488580644,4261.387082748115,0,0
gin-gonic__gin-2755,gin-gonic/gin,Go,hybrid,Qwen/Qwen3-Reranker-4B,100,0.0,0.0,0.0,0.0,0.0,0.0,0.0,70.41735481470823,4500.157210044563,4570.574564859271,0,0
gin-gonic__gin-3741,gin-gonic/gin,Go,hybrid,Qwen/Qwen3-Reranker-4B,100,1.0,1.0,1.0,1.0,1.0,1.0,1.0,31.528668478131294,2932.1870850399137,2963.715753518045,0,0
gin-gonic__gin-3820,gin-gonic/gin,Go,hybrid,Qwen/Qwen3-Reranker-4B,100,0.0,0.0,0.0,0.0,0.0,0.0,0.0,84.01759434491396,5858.274851925671,5942.292446270585,0,0
gohugoio__hugo-12171,gohugoio/hugo,Go,hybrid,Qwen/Qwen3-Reranker-4B,100,0.0,0.0,1.0,0.0,0.0,0.0,0.0,566.1356505006552,7021.857756190002,7587.993406690657,0,0
gohugoio__hugo-12343,gohugoio/hugo,Go,hybrid,Qwen/Qwen3-Reranker-4B,100,0.0,0.0,1.0,0.0,0.0,0.0,0.0,156.3878646120429,4179.354669526219,4335.742534138262,0,0
gohugoio__hugo-12448,gohugoio/hugo,Go,hybrid,Qwen/Qwen3-Reranker-4B,100,0.0,0.0,0.0,0.0,0.0,0.0,0.0,367.32178553938866,5370.774823240936,5738.0966087803245,0,0
gohugoio__hugo-12562,gohugoio/hugo,Go,hybrid,Qwen/Qwen3-Reranker-4B,100,0.0,0.0,0.0,0.0,0.0,0.0,0.0,353.7841094657779,5154.752195812762,5508.53630527854,0,0
gohugoio__hugo-12579,gohugoio/hugo,Go,hybrid,Qwen/Qwen3-Reranker-4B,100,1.0,1.0,1.0,1.0,1.0,1.0,1.0,124.36143308877945,4476.146792061627,4600.508225150406,0,0
hashicorp__terraform-34814,hashicorp/terraform,Go,hybrid,Qwen/Qwen3-Reranker-4B,100,0.0,0.0,1.0,0.0,0.0,0.0,0.0,523.7821247428656,6293.775417841971,6817.5575425848365,0,0
hashicorp__terraform-35611,hashicorp/terraform,Go,hybrid,Qwen/Qwen3-Reranker-4B,100,0.0,0.0,0.0,0.0,0.0,0.0,0.0,1177.54075396806,10424.35465566814,11601.8954096362,0,0
jqlang__jq-2235,jqlang/jq,C++/C,hybrid,Qwen/Qwen3-Reranker-4B,100,0.0,0.0,1.0,0.0,0.0,0.0,0.0,35.99139582365751,3593.387515284121,3629.3789111077785,0,0
jqlang__jq-2598,jqlang/jq,C++/C,hybrid,Qwen/Qwen3-Reranker-4B,100,0.75,0.25,0.3333333333333333,0.25,0.0,0.25,1.0,54.006632417440414,4723.413195461035,4777.419827878475,0,0
jqlang__jq-2658,jqlang/jq,C++/C,hybrid,Qwen/Qwen3-Reranker-4B,100,1.0,0.0,1.0,1.0,1.0,1.0,0.25,40.34812655299902,3956.867838278413,3997.215964831412,0,0
jqlang__jq-2728,jqlang/jq,C++/C,hybrid,Qwen/Qwen3-Reranker-4B,100,1.0,1.0,1.0,1.0,1.0,1.0,1.0,42.13029891252518,3841.6329231113195,3883.7632220238447,0,0
jqlang__jq-2750,jqlang/jq,C++/C,hybrid,Qwen/Qwen3-Reranker-4B,100,1.0,0.25,0.5,0.75,0.0,0.75,1.0,43.2191863656044,4184.082010760903,4227.301197126508,0,0
matplotlib__matplotlib-13989,matplotlib/matplotlib,Python,hybrid,Qwen/Qwen3-Reranker-4B,100,1.0,1.0,1.0,1.0,1.0,1.0,1.0,353.31128258258104,5419.3750554695725,5772.686338052154,0,0
matplotlib__matplotlib-14623,matplotlib/matplotlib,Python,hybrid,Qwen/Qwen3-Reranker-4B,100,0.16666666666666666,0.0,0.6666666666666666,0.0,0.0,0.0,0.05263157894736842,474.5719525963068,4602.920736186206,5077.492688782513,0,0
matplotlib__matplotlib-20488,matplotlib/matplotlib,Python,hybrid,Qwen/Qwen3-Reranker-4B,100,1.0,1.0,1.0,1.0,1.0,1.0,1.0,740.2913523837924,5343.506020493805,6083.797372877598,0,0
matplotlib__matplotlib-20676,matplotlib/matplotlib,Python,hybrid,Qwen/Qwen3-Reranker-4B,100,0.0,0.0,1.0,0.0,0.0,0.0,0.0,605.3813369944692,4621.323402971029,5226.704739965498,0,0
micropython__micropython-10095,micropython/micropython,C++/C,hybrid,Qwen/Qwen3-Reranker-4B,100,1.0,0.0,1.0,1.0,1.0,1.0,0.5,337.10203133523464,4232.876442372799,4569.978473708034,0,0
micropython__micropython-13039,micropython/micropython,C++/C,hybrid,Qwen/Qwen3-Reranker-4B,100,1.0,1.0,1.0,1.0,1.0,1.0,1.0,2087.3783556744456,11593.602324835956,13680.980680510402,0,0
micropython__micropython-13569,micropython/micropython,C++/C,hybrid,Qwen/Qwen3-Reranker-4B,100,0.0,0.0,0.0,0.0,0.0,0.0,0.0,648.9343084394932,2872.6700209081173,3521.6043293476105,0,0
micropython__micropython-15898,micropython/micropython,C++/C,hybrid,Qwen/Qwen3-Reranker-4B,100,1.0,1.0,1.0,1.0,1.0,1.0,1.0,366.30408000200987,4272.918946109712,4639.223026111722,0,0
nushell__nushell-12901,nushell/nushell,Rust,hybrid,Qwen/Qwen3-Reranker-4B,100,0.0,0.0,0.0,0.0,0.0,0.0,0.0,599.5001206174493,5018.069377169013,5617.569497786462,0,0
nushell__nushell-12950,nushell/nushell,Rust,hybrid,Qwen/Qwen3-Reranker-4B,100,0.0,0.0,0.0,0.0,0.0,0.0,0.0,369.25041023641825,4682.715205475688,5051.965615712106,0,0
nushell__nushell-13605,nushell/nushell,Rust,hybrid,Qwen/Qwen3-Reranker-4B,100,1.0,0.5,1.0,1.0,1.0,1.0,1.0,464.87354673445225,5095.6239476799965,5560.497494414449,0,0
nushell__nushell-13831,nushell/nushell,Rust,hybrid,Qwen/Qwen3-Reranker-4B,100,1.0,0.16666666666666666,1.0,0.8333333333333334,0.0,1.0,1.0,836.4740805700421,6524.452686309814,7360.926766879857,0,0
preactjs__preact-2757,preactjs/preact,TypeScript/JavaScript,hybrid,Qwen/Qwen3-Reranker-4B,100,1.0,0.0,1.0,1.0,1.0,1.0,0.5,31.970694661140442,3044.384845532477,3076.3555401936173,0,0
preactjs__preact-2896,preactjs/preact,TypeScript/JavaScript,hybrid,Qwen/Qwen3-Reranker-4B,100,0.0,0.0,1.0,0.0,0.0,0.0,0.0,31.063835136592388,4142.971673049033,4174.035508185625,0,0
preactjs__preact-2927,preactjs/preact,TypeScript/JavaScript,hybrid,Qwen/Qwen3-Reranker-4B,100,1.0,1.0,1.0,1.0,1.0,1.0,1.0,21.610247902572155,2749.435121193528,2771.0453690961003,0,0
preactjs__preact-3567,preactjs/preact,TypeScript/JavaScript,hybrid,Qwen/Qwen3-Reranker-4B,100,1.0,0.2,0.5,0.6,0.0,0.6,1.0,31.098083592951298,3559.2919383198023,3590.3900219127536,0,0
prometheus__prometheus-10633,prometheus/prometheus,Go,hybrid,Qwen/Qwen3-Reranker-4B,100,1.0,1.0,0.5,1.0,1.0,1.0,1.0,195.73382381349802,7673.4258979558945,7869.1597217693925,0,0
prometheus__prometheus-11859,prometheus/prometheus,Go,hybrid,Qwen/Qwen3-Reranker-4B,100,1.0,1.0,1.0,1.0,1.0,1.0,1.0,2031.1839636415243,89753.85066401213,91785.03462765366,0,0
prometheus__prometheus-14861,prometheus/prometheus,Go,hybrid,Qwen/Qwen3-Reranker-4B,100,1.0,1.0,1.0,1.0,1.0,1.0,1.0,239.74862042814493,5708.496290259063,5948.244910687208,0,0
prometheus__prometheus-15142,prometheus/prometheus,Go,hybrid,Qwen/Qwen3-Reranker-4B,100,0.2,0.2,1.0,0.2,0.0,0.2,1.0,179.31540962308645,5414.634197950363,5593.94960757345,0,0
pydata__xarray-2905,pydata/xarray,Python,hybrid,Qwen/Qwen3-Reranker-4B,100,1.0,0.0,1.0,1.0,1.0,1.0,0.3333333333333333,157.63067733496428,7211.531983688474,7369.162661023438,0,0
pydata__xarray-3151,pydata/xarray,Python,hybrid,Qwen/Qwen3-Reranker-4B,100,1.0,1.0,1.0,1.0,1.0,1.0,1.0,127.79546994715929,6612.855244427919,6740.650714375079,0,0
pydata__xarray-3305,pydata/xarray,Python,hybrid,Qwen/Qwen3-Reranker-4B,100,1.0,0.0,1.0,1.0,1.0,1.0,0.5,98.86441193521023,6258.803388103843,6357.667800039053,0,0
pydata__xarray-6992,pydata/xarray,Python,hybrid,Qwen/Qwen3-Reranker-4B,100,0.6666666666666666,0.0,0.5,0.0,0.0,0.3333333333333333,0.1111111111111111,162.06798888742924,5437.168387696147,5599.236376583576,0,0
redis__redis-10068,redis/redis,C++/C,hybrid,Qwen/Qwen3-Reranker-4B,100,1.0,0.0,1.0,0.3333333333333333,0.0,0.3333333333333333,0.5,614.5735438913107,7052.2937551140785,7666.867299005389,0,0
redis__redis-10095,redis/redis,C++/C,hybrid,Qwen/Qwen3-Reranker-4B,100,1.0,1.0,1.0,1.0,1.0,1.0,1.0,138.7315597385168,4557.431072928011,4696.162632666528,0,0
redis__redis-11631,redis/redis,C++/C,hybrid,Qwen/Qwen3-Reranker-4B,100,0.0,0.0,0.0,0.0,0.0,0.0,0.0,815.3712088242173,7025.068059563637,7840.439268387854,0,0
redis__redis-11734,redis/redis,C++/C,hybrid,Qwen/Qwen3-Reranker-4B,100,1.0,0.5,1.0,1.0,1.0,1.0,1.0,226.41367372125387,4149.597031995654,4376.010705716908,0,0
redis__redis-13338,redis/redis,C++/C,hybrid,Qwen/Qwen3-Reranker-4B,100,0.6666666666666666,0.0,1.0,0.3333333333333333,0.0,0.6666666666666666,0.25,1467.2828409820795,17122.301588766277,18589.584429748356,0,0
scikit-learn__scikit-learn-10297,scikit-learn/scikit-learn,Python,hybrid,Qwen/Qwen3-Reranker-4B,100,1.0,1.0,1.0,1.0,1.0,1.0,1.0,243.64196602255106,4834.673270583153,5078.315236605704,0,0
scikit-learn__scikit-learn-10844,scikit-learn/scikit-learn,Python,hybrid,Qwen/Qwen3-Reranker-4B,100,1.0,1.0,1.0,1.0,1.0,1.0,1.0,311.0905783250928,5906.030296348035,6217.120874673128,0,0
scikit-learn__scikit-learn-10908,scikit-learn/scikit-learn,Python,hybrid,Qwen/Qwen3-Reranker-4B,100,1.0,1.0,1.0,1.0,1.0,1.0,1.0,250.35778060555458,5225.216642022133,5475.574422627687,0,0
scikit-learn__scikit-learn-13142,scikit-learn/scikit-learn,Python,hybrid,Qwen/Qwen3-Reranker-4B,100,1.0,0.0,1.0,1.0,1.0,1.0,0.5,461.18234004825354,8273.585403338075,8734.767743386328,0,0
sharkdp__bat-2201,sharkdp/bat,Rust,hybrid,Qwen/Qwen3-Reranker-4B,100,1.0,0.0,0.5,1.0,1.0,1.0,0.5,54.681601002812386,5731.777508743107,5786.45910974592,0,0
sharkdp__bat-2260,sharkdp/bat,Rust,hybrid,Qwen/Qwen3-Reranker-4B,100,1.0,0.0,0.5,1.0,1.0,1.0,0.5,51.846105605363846,5710.154430940747,5762.000536546111,0,0
sharkdp__bat-2650,sharkdp/bat,Rust,hybrid,Qwen/Qwen3-Reranker-4B,100,1.0,0.0,0.5,1.0,1.0,1.0,0.5,89.49218783527613,9059.067375957966,9148.559563793242,0,0
sharkdp__bat-3108,sharkdp/bat,Rust,hybrid,Qwen/Qwen3-Reranker-4B,100,1.0,0.5,0.3333333333333333,0.5,0.0,0.5,1.0,33.72456785291433,3645.500167272985,3679.2247351258993,0,0
sympy__sympy-11618,sympy/sympy,Python,hybrid,Qwen/Qwen3-Reranker-4B,100,1.0,1.0,1.0,1.0,1.0,1.0,1.0,84.41918436437845,3181.534258648753,3265.9534430131316,0,0
sympy__sympy-12096,sympy/sympy,Python,hybrid,Qwen/Qwen3-Reranker-4B,100,1.0,1.0,1.0,1.0,1.0,1.0,1.0,192.71772261708975,4310.7397221028805,4503.45744471997,0,0
sympy__sympy-12419,sympy/sympy,Python,hybrid,Qwen/Qwen3-Reranker-4B,100,0.5,0.0,1.0,0.0,0.0,0.5,0.14285714285714285,675.6487404927611,4773.844137787819,5449.49287828058,0,0
sympy__sympy-13031,sympy/sympy,Python,hybrid,Qwen/Qwen3-Reranker-4B,100,0.0,0.0,0.0,0.0,0.0,0.0,0.0,277.3494776338339,3729.4074539095163,4006.75693154335,0,0
tokio-rs__tokio-4898,tokio-rs/tokio,Rust,hybrid,Qwen/Qwen3-Reranker-4B,100,1.0,1.0,1.0,1.0,1.0,1.0,1.0,153.63017469644547,3633.0292699858546,3786.6594446823,0,0
tokio-rs__tokio-6551,tokio-rs/tokio,Rust,hybrid,Qwen/Qwen3-Reranker-4B,100,1.0,0.0,1.0,1.0,1.0,1.0,0.5,141.48656465113163,3108.7031234055758,3250.1896880567074,0,0
tokio-rs__tokio-6603,tokio-rs/tokio,Rust,hybrid,Qwen/Qwen3-Reranker-4B,100,0.0,0.0,0.0,0.0,0.0,0.0,0.0,241.18855223059654,4226.606253534555,4467.794805765152,0,0
tokio-rs__tokio-6752,tokio-rs/tokio,Rust,hybrid,Qwen/Qwen3-Reranker-4B,100,1.0,0.0,1.0,1.0,1.0,1.0,0.5,245.82778103649616,4287.771583534777,4533.599364571273,0,0
uutils__coreutils-6575,uutils/coreutils,Rust,hybrid,Qwen/Qwen3-Reranker-4B,100,1.0,0.0,1.0,0.4,0.0,0.6,0.5,86.57236769795418,3508.345284499228,3594.917652197182,0,0
uutils__coreutils-6682,uutils/coreutils,Rust,hybrid,Qwen/Qwen3-Reranker-4B,100,1.0,0.5,1.0,1.0,1.0,1.0,1.0,139.2231024801731,4482.011720538139,4621.234823018312,0,0
uutils__coreutils-6690,uutils/coreutils,Rust,hybrid,Qwen/Qwen3-Reranker-4B,100,1.0,0.0,1.0,1.0,1.0,1.0,0.25,68.68116091936827,3141.474417410791,3210.155578330159,0,0
uutils__coreutils-6731,uutils/coreutils,Rust,hybrid,Qwen/Qwen3-Reranker-4B,100,1.0,1.0,1.0,1.0,1.0,1.0,1.0,79.8948286101222,3491.8632758781314,3571.7581044882536,0,0
valkey-io__valkey-1842,valkey-io/valkey,C++/C,hybrid,Qwen/Qwen3-Reranker-4B,100,1.0,0.0,1.0,0.0,0.0,1.0,0.16666666666666666,180.04003819078207,4559.071008116007,4739.111046306789,0,0
valkey-io__valkey-790,valkey-io/valkey,C++/C,hybrid,Qwen/Qwen3-Reranker-4B,100,1.0,0.5,1.0,1.0,1.0,1.0,1.0,797.5868210196495,11782.084813341498,12579.671634361148,0,0
valkey-io__valkey-928,valkey-io/valkey,C++/C,hybrid,Qwen/Qwen3-Reranker-4B,100,1.0,0.0,1.0,1.0,1.0,1.0,0.5,818.6595654115081,13549.622625112534,14368.282190524042,0,0
vuejs__core-11589,vuejs/core,TypeScript/JavaScript,hybrid,Qwen/Qwen3-Reranker-4B,100,0.3333333333333333,0.0,1.0,0.3333333333333333,0.0,0.3333333333333333,0.25,137.25208584219217,7863.94212115556,8001.194206997752,0,0
vuejs__core-11870,vuejs/core,TypeScript/JavaScript,hybrid,Qwen/Qwen3-Reranker-4B,100,1.0,1.0,1.0,1.0,1.0,1.0,1.0,90.14938585460186,6685.908035375178,6776.05742122978,0,0
vuejs__core-11915,vuejs/core,TypeScript/JavaScript,hybrid,Qwen/Qwen3-Reranker-4B,100,1.0,0.0,1.0,0.0,0.0,1.0,0.14285714285714285,56.53763934969902,3685.929470695555,3742.4671100452542,0,0
astral-sh__ruff-15309,astral-sh/ruff,Rust,hybrid,typesafe/jev-1.13,100,1.0,1.0,1.0,1.0,1.0,1.0,1.0,111.77358403801918,3217.5931921228766,3329.366776160896,0.00211155,0
astral-sh__ruff-15330,astral-sh/ruff,Rust,hybrid,typesafe/jev-1.13,100,1.0,0.5,1.0,0.5,0.0,1.0,1.0,397.75862358510494,3380.7683447375894,3778.5269683226943,0.002656584,0
astral-sh__ruff-15356,astral-sh/ruff,Rust,hybrid,typesafe/jev-1.13,100,0.0,0.0,0.0,0.0,0.0,0.0,0.0,691.9642835855484,3188.9761928468943,3880.9404764324427,0.002826936,0
astral-sh__ruff-15443,astral-sh/ruff,Rust,hybrid,typesafe/jev-1.13,100,1.0,0.5,1.0,1.0,1.0,1.0,1.0,263.31860572099686,3101.3763891533017,3364.6949948742986,0.002184294,0
astropy__astropy-12907,astropy/astropy,Python,hybrid,typesafe/jev-1.13,100,1.0,0.0,1.0,1.0,1.0,1.0,0.3333333333333333,281.89294692128897,3177.1748838946223,3459.0678308159113,0.002393286,0
astropy__astropy-13033,astropy/astropy,Python,hybrid,typesafe/jev-1.13,100,1.0,1.0,1.0,1.0,1.0,1.0,1.0,667.2602584585547,2972.5092370063066,3639.7694954648614,0.003198342,0
astropy__astropy-13236,astropy/astropy,Python,hybrid,typesafe/jev-1.13,100,1.0,1.0,1.0,1.0,1.0,1.0,1.0,571.5388432145119,2860.577357932925,3432.116201147437,0.002845584,0
astropy__astropy-13579,astropy/astropy,Python,hybrid,typesafe/jev-1.13,100,1.0,1.0,1.0,1.0,1.0,1.0,1.0,1886.7464922368526,3080.698423087597,4967.4449153244495,0.003186708,0
axios__axios-4731,axios/axios,TypeScript/JavaScript,hybrid,typesafe/jev-1.13,100,1.0,1.0,1.0,1.0,1.0,1.0,1.0,28.919651173055172,3077.1841006353498,3106.103751808405,0.001474326,0
axios__axios-4738,axios/axios,TypeScript/JavaScript,hybrid,typesafe/jev-1.13,100,1.0,1.0,1.0,1.0,1.0,1.0,1.0,34.72695965319872,3363.505377434194,3398.232337087393,0.0015824759999999998,0
axios__axios-5085,axios/axios,TypeScript/JavaScript,hybrid,typesafe/jev-1.13,100,1.0,1.0,0.5,1.0,1.0,1.0,1.0,24.825903587043285,3167.6754504442215,3192.501354031265,0.0015657180000000002,0
axios__axios-6539,axios/axios,TypeScript/JavaScript,hybrid,typesafe/jev-1.13,100,1.0,0.0,1.0,1.0,1.0,1.0,0.25,38.35028223693371,3354.0974128991365,3392.4476951360703,0.001765134,0
babel__babel-13928,babel/babel,TypeScript/JavaScript,hybrid,typesafe/jev-1.13,100,1.0,0.0,1.0,0.0,0.0,1.0,0.14285714285714285,112.42051608860493,2740.9285893663764,2853.3491054549813,0.00230517,0
babel__babel-14532,babel/babel,TypeScript/JavaScript,hybrid,typesafe/jev-1.13,100,0.0,0.0,0.0,0.0,0.0,0.0,0.0,201.6996880993247,3135.034002363682,3336.7336904630065,0.002755704,0
babel__babel-15445,babel/babel,TypeScript/JavaScript,hybrid,typesafe/jev-1.13,100,1.0,1.0,1.0,1.0,1.0,1.0,1.0,561.9318056851625,3007.810170762241,3569.7419764474034,0.003261888,0
babel__babel-15649,babel/babel,TypeScript/JavaScript,hybrid,typesafe/jev-1.13,100,1.0,0.0,1.0,1.0,1.0,1.0,0.3333333333333333,145.19310928881168,2631.0830106958747,2776.2761199846864,0.002398914,0
caddyserver__caddy-4943,caddyserver/caddy,Go,hybrid,typesafe/jev-1.13,100,1.0,1.0,1.0,1.0,1.0,1.0,1.0,139.9275977164507,2852.771864272654,2992.6994619891047,0.0033622680000000003,0
caddyserver__caddy-5404,caddyserver/caddy,Go,hybrid,typesafe/jev-1.13,100,1.0,0.5,1.0,0.5,0.0,0.5,1.0,167.8450657054782,3988.7798447161913,4156.6249104216695,0.0034775159999999995,0
caddyserver__caddy-5761,caddyserver/caddy,Go,hybrid,typesafe/jev-1.13,100,1.0,0.0,1.0,1.0,1.0,1.0,0.5,31.573212705552578,2933.9212691411376,2965.49448184669,0.002492154,0
caddyserver__caddy-5870,caddyserver/caddy,Go,hybrid,typesafe/jev-1.13,100,1.0,0.0,1.0,1.0,1.0,1.0,0.5,99.52336549758911,3319.416888989508,3418.9402544870973,0.0033302220000000003,0
caddyserver__caddy-6115,caddyserver/caddy,Go,hybrid,typesafe/jev-1.13,100,1.0,1.0,1.0,1.0,1.0,1.0,1.0,89.04877118766308,3666.0395739600062,3755.0883451476693,0.0031321920000000007,0
facebook__docusaurus-10130,facebook/docusaurus,TypeScript/JavaScript,hybrid,typesafe/jev-1.13,100,1.0,1.0,1.0,1.0,1.0,1.0,1.0,195.191347040236,2905.9516433626413,3101.1429904028773,0.0026214299999999997,0
facebook__docusaurus-10309,facebook/docusaurus,TypeScript/JavaScript,hybrid,typesafe/jev-1.13,100,1.0,1.0,1.0,1.0,1.0,1.0,1.0,175.55983178317547,3839.0267910435796,4014.586622826755,0.002553894,0
facebook__docusaurus-8927,facebook/docusaurus,TypeScript/JavaScript,hybrid,typesafe/jev-1.13,100,1.0,0.0,0.0,0.0,0.0,0.0,0.07692307692307693,105.30685260891914,3574.0019232034683,3679.3087758123875,0.00253848,0
facebook__docusaurus-9897,facebook/docusaurus,TypeScript/JavaScript,hybrid,typesafe/jev-1.13,100,0.0,0.0,0.0,0.0,0.0,0.0,0.0,100.07447004318237,2906.0432529076934,3006.1177229508758,0.002489466,0
fmtlib__fmt-2310,fmtlib/fmt,C++/C,hybrid,typesafe/jev-1.13,100,1.0,0.5,1.0,0.5,0.0,1.0,1.0,34.302462823688984,4149.81200825423,4184.114471077919,0.0016562699999999998,0
fmtlib__fmt-2317,fmtlib/fmt,C++/C,hybrid,typesafe/jev-1.13,100,0.0,0.0,1.0,0.0,0.0,0.0,0.0,33.93333591520786,3122.217185795307,3156.150521710515,0.001632162,0
fmtlib__fmt-3248,fmtlib/fmt,C++/C,hybrid,typesafe/jev-1.13,100,1.0,0.0,1.0,1.0,1.0,1.0,0.5,32.191077247262,2926.00145470351,2958.192531950772,0.0017913839999999998,0
gin-gonic__gin-1805,gin-gonic/gin,Go,hybrid,typesafe/jev-1.13,100,1.0,1.0,1.0,1.0,1.0,1.0,1.0,31.761364080011845,3101.3921666890383,3133.15353076905,0.0015663060000000002,0
gin-gonic__gin-2121,gin-gonic/gin,Go,hybrid,typesafe/jev-1.13,100,1.0,1.0,1.0,1.0,1.0,1.0,1.0,61.76459416747093,2519.8658164590597,2581.6304106265306,0.001734768,0
gin-gonic__gin-2755,gin-gonic/gin,Go,hybrid,typesafe/jev-1.13,100,0.0,0.0,0.0,0.0,0.0,0.0,0.0,70.41735481470823,4116.316865198314,4186.734220013022,0.0018136439999999999,0
gin-gonic__gin-3741,gin-gonic/gin,Go,hybrid,typesafe/jev-1.13,100,1.0,1.0,1.0,1.0,1.0,1.0,1.0,31.528668478131294,2680.998247116804,2712.5269155949354,0.0017745,0
gin-gonic__gin-3820,gin-gonic/gin,Go,hybrid,typesafe/jev-1.13,100,0.0,0.0,0.0,0.0,0.0,0.0,0.0,84.01759434491396,2963.1689256057143,3047.1865199506283,0.0021333479999999998,0
gohugoio__hugo-12171,gohugoio/hugo,Go,hybrid,typesafe/jev-1.13,100,0.0,0.0,1.0,0.0,0.0,0.0,0.0,566.1356505006552,2917.410535737872,3483.5461862385273,0.0032486159999999997,0
gohugoio__hugo-12343,gohugoio/hugo,Go,hybrid,typesafe/jev-1.13,100,0.0,0.0,1.0,0.0,0.0,0.0,0.0,156.3878646120429,3026.7269676551223,3183.114832267165,0.0026036639999999995,0
gohugoio__hugo-12448,gohugoio/hugo,Go,hybrid,typesafe/jev-1.13,100,0.0,0.0,0.0,0.0,0.0,0.0,0.0,367.32178553938866,3395.991130732,3763.3129162713885,0.002810598,0
gohugoio__hugo-12562,gohugoio/hugo,Go,hybrid,typesafe/jev-1.13,100,0.0,0.0,0.0,0.0,0.0,0.0,0.0,353.7841094657779,3643.5901895165443,3997.374298982322,0.002750034,0
gohugoio__hugo-12579,gohugoio/hugo,Go,hybrid,typesafe/jev-1.13,100,1.0,1.0,1.0,1.0,1.0,1.0,1.0,124.36143308877945,3640.8436885103583,3765.205121599138,0.0023165940000000004,0
hashicorp__terraform-34814,hashicorp/terraform,Go,hybrid,typesafe/jev-1.13,100,0.0,0.0,1.0,0.0,0.0,0.0,0.0,523.7821247428656,3158.4758954122663,3682.258020155132,0.00312711,0
hashicorp__terraform-35611,hashicorp/terraform,Go,hybrid,typesafe/jev-1.13,100,0.0,0.0,0.0,0.0,0.0,0.0,0.0,1177.54075396806,3019.950434565544,4197.491188533604,0.0043644719999999994,0
jqlang__jq-2235,jqlang/jq,C++/C,hybrid,typesafe/jev-1.13,100,0.0,0.0,1.0,0.0,0.0,0.0,0.0,35.99139582365751,4678.6647737026215,4714.656169526279,0.0023462879999999998,0
jqlang__jq-2598,jqlang/jq,C++/C,hybrid,typesafe/jev-1.13,100,0.75,0.25,0.3333333333333333,0.75,0.0,0.75,1.0,54.006632417440414,4337.252798490226,4391.259430907667,0.002474766,0
jqlang__jq-2658,jqlang/jq,C++/C,hybrid,typesafe/jev-1.13,100,1.0,0.0,1.0,1.0,1.0,1.0,0.25,40.34812655299902,3005.092477425933,3045.440603978932,0.0020268779999999998,0
jqlang__jq-2728,jqlang/jq,C++/C,hybrid,typesafe/jev-1.13,100,1.0,1.0,1.0,1.0,1.0,1.0,1.0,42.13029891252518,2850.2686601132154,2892.3989590257406,0.00214767,0
jqlang__jq-2750,jqlang/jq,C++/C,hybrid,typesafe/jev-1.13,100,1.0,0.25,0.5,1.0,1.0,1.0,1.0,43.2191863656044,2856.0074102133512,2899.2265965789557,0.002100504,0
matplotlib__matplotlib-13989,matplotlib/matplotlib,Python,hybrid,typesafe/jev-1.13,100,1.0,1.0,1.0,1.0,1.0,1.0,1.0,353.31128258258104,3138.495105318725,3491.806387901306,0.0032332019999999997,0
matplotlib__matplotlib-14623,matplotlib/matplotlib,Python,hybrid,typesafe/jev-1.13,100,0.16666666666666666,0.16666666666666666,0.6666666666666666,0.16666666666666666,0.0,0.16666666666666666,1.0,474.5719525963068,2930.843469686806,3405.415422283113,0.002332134,0
matplotlib__matplotlib-20488,matplotlib/matplotlib,Python,hybrid,typesafe/jev-1.13,100,1.0,0.0,1.0,1.0,1.0,1.0,0.5,740.2913523837924,3462.5441636890173,4202.83551607281,0.00225141,0
matplotlib__matplotlib-20676,matplotlib/matplotlib,Python,hybrid,typesafe/jev-1.13,100,0.0,0.0,1.0,0.0,0.0,0.0,0.0,605.3813369944692,3400.5050333216786,4005.886370316148,0.002346666,0
micropython__micropython-10095,micropython/micropython,C++/C,hybrid,typesafe/jev-1.13,100,1.0,0.0,1.0,1.0,1.0,1.0,0.5,337.10203133523464,2661.6837857291102,2998.785817064345,0.002311554,0
micropython__micropython-13039,micropython/micropython,C++/C,hybrid,typesafe/jev-1.13,100,1.0,1.0,1.0,1.0,1.0,1.0,1.0,2087.3783556744456,5279.985825531185,7367.36418120563,0.003756648,0
micropython__micropython-13569,micropython/micropython,C++/C,hybrid,typesafe/jev-1.13,100,0.0,0.0,1.0,0.0,0.0,0.0,0.0,648.9343084394932,3083.043150603771,3731.9774590432644,0.001855896,0
micropython__micropython-15898,micropython/micropython,C++/C,hybrid,typesafe/jev-1.13,100,1.0,1.0,1.0,1.0,1.0,1.0,1.0,366.30408000200987,2648.787433281541,3015.0915132835507,0.002342172,0
nushell__nushell-12901,nushell/nushell,Rust,hybrid,typesafe/jev-1.13,100,0.0,0.0,1.0,0.0,0.0,0.0,0.0,599.5001206174493,3261.1580304801464,3860.6581510975957,0.0023664479999999997,0
nushell__nushell-12950,nushell/nushell,Rust,hybrid,typesafe/jev-1.13,100,0.0,0.0,0.0,0.0,0.0,0.0,0.0,369.25041023641825,3076.6758723184466,3445.926282554865,0.0021770699999999997,0
nushell__nushell-13605,nushell/nushell,Rust,hybrid,typesafe/jev-1.13,100,1.0,0.5,1.0,0.5,0.0,1.0,1.0,464.87354673445225,3186.3077878952026,3651.181334629655,0.002461914,0
nushell__nushell-13831,nushell/nushell,Rust,hybrid,typesafe/jev-1.13,100,1.0,0.16666666666666666,1.0,0.8333333333333334,0.0,0.8333333333333334,1.0,836.4740805700421,3057.117656804621,3893.5917373746634,0.0026166,0
preactjs__preact-2757,preactjs/preact,TypeScript/JavaScript,hybrid,typesafe/jev-1.13,100,1.0,0.0,1.0,1.0,1.0,1.0,0.5,31.970694661140442,3784.686554223299,3816.6572488844395,0.001676388,0
preactjs__preact-2896,preactjs/preact,TypeScript/JavaScript,hybrid,typesafe/jev-1.13,100,0.0,0.0,1.0,0.0,0.0,0.0,0.0,31.063835136592388,3014.293136075139,3045.3569712117314,0.001954638,0
preactjs__preact-2927,preactjs/preact,TypeScript/JavaScript,hybrid,typesafe/jev-1.13,100,1.0,1.0,1.0,1.0,1.0,1.0,1.0,21.610247902572155,2707.544223405421,2729.154471307993,0.0017518619999999999,0
preactjs__preact-3567,preactjs/preact,TypeScript/JavaScript,hybrid,typesafe/jev-1.13,100,1.0,0.2,0.5,0.6,0.0,0.6,1.0,31.098083592951298,2767.595147714019,2798.69323130697,0.00186228,0
prometheus__prometheus-10633,prometheus/prometheus,Go,hybrid,typesafe/jev-1.13,100,1.0,1.0,0.5,1.0,1.0,1.0,1.0,195.73382381349802,5099.908730015159,5295.642553828657,0.0038860499999999994,0
prometheus__prometheus-11859,prometheus/prometheus,Go,hybrid,typesafe/jev-1.13,100,1.0,1.0,1.0,1.0,1.0,1.0,1.0,2031.1839636415243,3714.7057438269258,5745.88970746845,0.007649082000000001,0
prometheus__prometheus-14861,prometheus/prometheus,Go,hybrid,typesafe/jev-1.13,100,1.0,1.0,1.0,1.0,1.0,1.0,1.0,239.74862042814493,3346.6144734993577,3586.3630939275026,0.00248409,0
prometheus__prometheus-15142,prometheus/prometheus,Go,hybrid,typesafe/jev-1.13,100,0.2,0.2,1.0,0.2,0.0,0.2,1.0,179.31540962308645,3018.427942879498,3197.7433525025845,0.003071628,0
pydata__xarray-2905,pydata/xarray,Python,hybrid,typesafe/jev-1.13,100,1.0,0.0,1.0,1.0,1.0,1.0,0.5,157.63067733496428,3025.984556414187,3183.6152337491512,0.0030092580000000003,0
pydata__xarray-3151,pydata/xarray,Python,hybrid,typesafe/jev-1.13,100,1.0,1.0,1.0,1.0,1.0,1.0,1.0,127.79546994715929,3268.742206506431,3396.5376764535904,0.00306747,0
pydata__xarray-3305,pydata/xarray,Python,hybrid,typesafe/jev-1.13,100,1.0,0.5,1.0,1.0,1.0,1.0,1.0,98.86441193521023,3205.296660773456,3304.1610727086663,0.002839241999999999,0
pydata__xarray-6992,pydata/xarray,Python,hybrid,typesafe/jev-1.13,100,0.6666666666666666,0.0,0.5,0.3333333333333333,0.0,0.6666666666666666,0.25,162.06798888742924,2940.1856008917093,3102.2535897791386,0.002892162,0
redis__redis-10068,redis/redis,C++/C,hybrid,typesafe/jev-1.13,100,1.0,0.3333333333333333,1.0,0.3333333333333333,0.0,1.0,1.0,614.5735438913107,3245.817051269114,3860.3905951604247,0.003168774,0
redis__redis-10095,redis/redis,C++/C,hybrid,typesafe/jev-1.13,100,1.0,1.0,1.0,1.0,1.0,1.0,1.0,138.7315597385168,2755.6332908570766,2894.3648505955935,0.0026307120000000003,0
redis__redis-11631,redis/redis,C++/C,hybrid,typesafe/jev-1.13,100,0.0,0.0,0.0,0.0,0.0,0.0,0.0,815.3712088242173,3662.2363068163395,4477.607515640557,0.003239628,0
redis__redis-11734,redis/redis,C++/C,hybrid,typesafe/jev-1.13,100,1.0,0.5,1.0,0.5,0.0,1.0,1.0,226.41367372125387,3136.4519484341145,3362.8656221553683,0.0029660399999999996,0
redis__redis-13338,redis/redis,C++/C,hybrid,typesafe/jev-1.13,100,0.6666666666666666,0.0,1.0,0.6666666666666666,0.0,0.6666666666666666,0.5,1467.2828409820795,3551.5127377584577,5018.795578740537,0.004798752,0
scikit-learn__scikit-learn-10297,scikit-learn/scikit-learn,Python,hybrid,typesafe/jev-1.13,100,1.0,1.0,1.0,1.0,1.0,1.0,1.0,243.64196602255106,2811.186544597149,3054.8285106197,0.002589762,0
scikit-learn__scikit-learn-10844,scikit-learn/scikit-learn,Python,hybrid,typesafe/jev-1.13,100,1.0,1.0,1.0,1.0,1.0,1.0,1.0,311.0905783250928,3869.118455797434,4180.209034122527,0.0029968259999999997,0
scikit-learn__scikit-learn-10908,scikit-learn/scikit-learn,Python,hybrid,typesafe/jev-1.13,100,1.0,1.0,1.0,1.0,1.0,1.0,1.0,250.35778060555458,3112.424300983548,3362.7820815891027,0.0025895939999999998,0
scikit-learn__scikit-learn-13142,scikit-learn/scikit-learn,Python,hybrid,typesafe/jev-1.13,100,1.0,1.0,1.0,1.0,1.0,1.0,1.0,461.18234004825354,3213.1455671042204,3674.327907152474,0.0029133720000000004,0
sharkdp__bat-2201,sharkdp/bat,Rust,hybrid,typesafe/jev-1.13,100,1.0,0.0,0.5,1.0,1.0,1.0,0.5,54.681601002812386,3130.7989433407784,3185.4805443435907,0.002022804,0
sharkdp__bat-2260,sharkdp/bat,Rust,hybrid,typesafe/jev-1.13,100,1.0,0.0,0.5,1.0,1.0,1.0,0.25,51.846105605363846,3208.9305073022842,3260.776612907648,0.002069886,0
sharkdp__bat-2650,sharkdp/bat,Rust,hybrid,typesafe/jev-1.13,100,1.0,1.0,0.5,1.0,1.0,1.0,1.0,89.49218783527613,3496.183187700808,3585.675375536084,0.00248535,0
sharkdp__bat-3108,sharkdp/bat,Rust,hybrid,typesafe/jev-1.13,100,1.0,0.5,0.3333333333333333,0.5,0.0,1.0,1.0,33.72456785291433,2882.83050339669,2916.555071249604,0.0018343500000000002,0
sympy__sympy-11618,sympy/sympy,Python,hybrid,typesafe/jev-1.13,100,1.0,1.0,1.0,1.0,1.0,1.0,1.0,84.41918436437845,2969.2649338394403,3053.684118203819,0.002029944,0
sympy__sympy-12096,sympy/sympy,Python,hybrid,typesafe/jev-1.13,100,1.0,1.0,1.0,1.0,1.0,1.0,1.0,192.71772261708975,3751.2143943458796,3943.9321169629693,0.002479386,0
sympy__sympy-12419,sympy/sympy,Python,hybrid,typesafe/jev-1.13,100,0.5,0.5,1.0,0.5,0.0,0.5,1.0,675.6487404927611,2822.12445884943,3497.773199342191,0.002429364,0
sympy__sympy-13031,sympy/sympy,Python,hybrid,typesafe/jev-1.13,100,0.0,0.0,0.0,0.0,0.0,0.0,0.0,277.3494776338339,2715.7108392566442,2993.060316890478,0.001970514,0
tokio-rs__tokio-4898,tokio-rs/tokio,Rust,hybrid,typesafe/jev-1.13,100,1.0,1.0,1.0,1.0,1.0,1.0,1.0,153.63017469644547,3293.193952180445,3446.8241268768907,0.0019036920000000004,0
tokio-rs__tokio-6551,tokio-rs/tokio,Rust,hybrid,typesafe/jev-1.13,100,1.0,0.5,1.0,1.0,1.0,1.0,1.0,141.48656465113163,2700.627169571817,2842.1137342229486,0.0016143960000000001,0
tokio-rs__tokio-6603,tokio-rs/tokio,Rust,hybrid,typesafe/jev-1.13,100,0.0,0.0,1.0,0.0,0.0,0.0,0.0,241.18855223059654,3060.588227584958,3301.7767798155546,0.001997646,0
tokio-rs__tokio-6752,tokio-rs/tokio,Rust,hybrid,typesafe/jev-1.13,100,1.0,1.0,1.0,1.0,1.0,1.0,1.0,245.82778103649616,2690.5912440270185,2936.4190250635147,0.00199542,0
uutils__coreutils-6575,uutils/coreutils,Rust,hybrid,typesafe/jev-1.13,100,1.0,0.0,1.0,0.2,0.0,0.4,0.5,86.57236769795418,2980.731767602265,3067.304135300219,0.0026080319999999997,0
uutils__coreutils-6682,uutils/coreutils,Rust,hybrid,typesafe/jev-1.13,100,1.0,0.5,1.0,1.0,1.0,1.0,1.0,139.2231024801731,2903.85536942631,3043.078471906483,0.002430288,0
uutils__coreutils-6690,uutils/coreutils,Rust,hybrid,typesafe/jev-1.13,100,1.0,1.0,1.0,1.0,1.0,1.0,1.0,68.68116091936827,3612.717884592712,3681.39904551208,0.0021917699999999996,0
uutils__coreutils-6731,uutils/coreutils,Rust,hybrid,typesafe/jev-1.13,100,1.0,1.0,1.0,1.0,1.0,1.0,1.0,79.8948286101222,3751.55717600137,3831.452004611492,0.002301264,0
valkey-io__valkey-1842,valkey-io/valkey,C++/C,hybrid,typesafe/jev-1.13,100,1.0,0.0,1.0,1.0,1.0,1.0,0.5,180.04003819078207,3512.6444566994905,3692.6844948902726,0.00269913,0
valkey-io__valkey-790,valkey-io/valkey,C++/C,hybrid,typesafe/jev-1.13,100,1.0,0.5,1.0,1.0,1.0,1.0,1.0,797.5868210196495,3130.5835749953985,3928.170396015048,0.003780714,0
valkey-io__valkey-928,valkey-io/valkey,C++/C,hybrid,typesafe/jev-1.13,100,1.0,1.0,1.0,1.0,1.0,1.0,1.0,818.6595654115081,3617.453726939857,4436.113292351365,0.0034958280000000007,0
vuejs__core-11589,vuejs/core,TypeScript/JavaScript,hybrid,typesafe/jev-1.13,100,0.3333333333333333,0.0,1.0,0.3333333333333333,0.0,0.3333333333333333,0.5,137.25208584219217,2788.0884045735,2925.3404904156923,0.0031755779999999996,0
vuejs__core-11870,vuejs/core,TypeScript/JavaScript,hybrid,typesafe/jev-1.13,100,1.0,1.0,1.0,1.0,1.0,1.0,1.0,90.14938585460186,3295.318653807044,3385.468039661646,0.0027668340000000006,0
vuejs__core-11915,vuejs/core,TypeScript/JavaScript,hybrid,typesafe/jev-1.13,100,1.0,1.0,1.0,1.0,1.0,1.0,1.0,56.53763934969902,3496.523967012763,3553.061606362462,0.002278332,0
